title,family,indicator,source,quality,year,coverage,official,modeled,credibility_score,trust_status,evidence_label,comparability_risk,corroboration_status,v13_5_action,trust_reason
Largest population,Population,SP.POP.TOTL,World Bank,99,2025,194,—,—,86,approved,Internationally harmonized,medium,internationally_reconciled,eligible after trust gate,World Development Indicators compiled from recognized international sources with documented metadata.
Largest merchandise exports,Trade,TX.VAL.MRCH.CD.WT,World Bank,99,2025,190,—,—,95,approved,Observed/administrative,low,internationally_reconciled,eligible after trust gate,Customs and trade records harmonized through international statistical systems.
Largest merchandise imports,Trade,TM.VAL.MRCH.CD.WT,World Bank,99,2025,190,—,—,95,approved,Observed/administrative,low,internationally_reconciled,eligible after trust gate,Customs and trade records harmonized through international statistical systems.
Largest economy,Economy,NY.GDP.MKTP.CD,World Bank,99,2025,189,—,—,91,approved,Internationally harmonized,low,internationally_reconciled,eligible after trust gate,National accounts reconciled under international accounting standards and cross-checked across related aggregates.
Fastest population growth,Population,SP.POP.GROW,World Bank,98,2025,194,—,—,86,approved,Internationally harmonized,medium,internationally_reconciled,eligible after trust gate,World Development Indicators compiled from recognized international sources with documented metadata.
Highest GDP per person,Economy,NY.GDP.PCAP.CD,World Bank,98,2025,189,—,—,91,approved,Internationally harmonized,low,internationally_reconciled,eligible after trust gate,National accounts reconciled under international accounting standards and cross-checked across related aggregates.
Oldest population,Population,SP.POP.65UP.TO.ZS,World Bank,97,2025,194,—,—,86,approved,Internationally harmonized,medium,internationally_reconciled,eligible after trust gate,World Development Indicators compiled from recognized international sources with documented metadata.
Highest rural population share,Population,SP.RUR.TOTL.ZS,World Bank,96,2025,194,—,—,86,approved,Internationally harmonized,medium,internationally_reconciled,eligible after trust gate,World Development Indicators compiled from recognized international sources with documented metadata.
Youngest population,Population,SP.POP.0014.TO.ZS,World Bank,96,2025,194,—,—,86,approved,Internationally harmonized,medium,internationally_reconciled,eligible after trust gate,World Development Indicators compiled from recognized international sources with documented metadata.
Fastest economic growth,Economy,NY.GDP.MKTP.KD.ZG,World Bank,96,2025,189,—,—,91,approved,Internationally harmonized,low,internationally_reconciled,eligible after trust gate,National accounts reconciled under international accounting standards and cross-checked across related aggregates.
Largest agricultural economy,Agriculture,NV.AGR.TOTL.CD,World Bank,96,2025,183,—,—,91,approved,Internationally harmonized,low,internationally_reconciled,eligible after trust gate,National accounts reconciled under international accounting standards and cross-checked across related aggregates.
Highest protected-land share,Environment,ER.LND.PTLD.ZS,World Bank,95,2025,193,—,—,86,approved,Internationally harmonized,medium,internationally_reconciled,eligible after trust gate,World Development Indicators compiled from recognized international sources with documented metadata.
Most asylum applications by origin,Displacement,asylum-applications:coo:applied,UNHCR,95,2025,187,100%,0%,86,approved,Observed/administrative,medium,single_system,eligible after trust gate,Operational registration and asylum records standardized by UNHCR; registration-system differences remain possible.
Most refugees originating,Displacement,population:coo:refugees,UNHCR,95,2025,186,100%,0%,86,approved,Observed/administrative,medium,single_system,eligible after trust gate,Operational registration and asylum records standardized by UNHCR; registration-system differences remain possible.
Largest manufacturing output,Economy,NV.IND.MANF.CD,World Bank,95,2025,175,—,—,91,approved,Internationally harmonized,low,internationally_reconciled,eligible after trust gate,National accounts reconciled under international accounting standards and cross-checked across related aggregates.
Most refugees hosted,Displacement,population:coa:refugees,UNHCR,95,2025,162,100%,0%,86,approved,Observed/administrative,medium,single_system,eligible after trust gate,Operational registration and asylum records standardized by UNHCR; registration-system differences remain possible.
Highest cabbage yield,Vegetables,QCL:'01212:5412,FAOSTAT,95,2024,141,55%,45%,88,approved,Mixed observed and modeled,medium,internationally_reconciled,eligible after trust gate,"FAO-standardized agricultural statistics; country submissions are checked and documented, with estimates used for some gaps."
Highest carrots and turnips yield,Vegetables,QCL:'01251:5412,FAOSTAT,95,2024,127,57%,43%,88,approved,Mixed observed and modeled,medium,internationally_reconciled,eligible after trust gate,"FAO-standardized agricultural statistics; country submissions are checked and documented, with estimates used for some gaps."
Highest wheat yield,Crops,QCL:'0111:5412,FAOSTAT,95,2024,120,67%,33%,88,approved,Mixed observed and modeled,medium,internationally_reconciled,eligible after trust gate,"FAO-standardized agricultural statistics; country submissions are checked and documented, with estimates used for some gaps."
Largest barley production,Crops,QCL:'0115:5510,FAOSTAT,95,2024,101,73%,27%,88,approved,Mixed observed and modeled,medium,internationally_reconciled,eligible after trust gate,"FAO-standardized agricultural statistics; country submissions are checked and documented, with estimates used for some gaps."
Highest barley yield,Crops,QCL:'0115:5412,FAOSTAT,95,2024,100,73%,27%,88,approved,Mixed observed and modeled,medium,internationally_reconciled,eligible after trust gate,"FAO-standardized agricultural statistics; country submissions are checked and documented, with estimates used for some gaps."
Highest fixed telephone subscriptions per 100 people,Technology,IT.MLT.MAIN.P2,World Bank,94,2024,193,—,—,76,caution,Mixed observed and modeled,medium,internationally_reconciled,eligible after trust gate,ITU-standardized telecommunications administrative data; subscription definitions and national reporting practices can still differ.
Highest hepatitis B vaccination rate,Vaccination,WHS4_117,WHO,94,2025,193,—,—,82,caution,Mixed observed and modeled,medium,internationally_reconciled,eligible after trust gate,"WHO immunization coverage series. Retained as standardized reported/estimated coverage, not represented as an independently measured census."
Highest measles vaccination rate,Vaccination,WHS8_110,WHO,94,2025,193,—,—,82,caution,Mixed observed and modeled,medium,internationally_reconciled,eligible after trust gate,"WHO immunization coverage series. Retained as standardized reported/estimated coverage, not represented as an independently measured census."
Highest health spending per person,Health,SH.XPD.CHEX.PC.CD,World Bank,94,2024,191,—,—,86,approved,Internationally harmonized,medium,internationally_reconciled,eligible after trust gate,World Development Indicators compiled from recognized international sources with documented metadata.
Highest industry share of GDP,Economy,NV.IND.TOTL.ZS,World Bank,94,2025,185,—,—,91,approved,Internationally harmonized,low,internationally_reconciled,eligible after trust gate,National accounts reconciled under international accounting standards and cross-checked across related aggregates.
Highest milk yield per cow,Livestock,QCL:'02211:5417,FAOSTAT,94,2024,176,39%,61%,88,approved,Mixed observed and modeled,medium,internationally_reconciled,eligible after trust gate,"FAO-standardized agricultural statistics; country submissions are checked and documented, with estimates used for some gaps."
Highest primary-school completion rate,Education,CR.MOD.1,UNESCO UIS,94,2025,165,0%,100%,80,caution,Modeled estimate,medium,internationally_reconciled,eligible after trust gate,"UIS harmonizes national administrative and survey data, but definitions and measurement capacity can vary across countries."
Highest upper-secondary completion rate,Education,CR.MOD.3,UNESCO UIS,94,2025,164,0%,100%,80,caution,Modeled estimate,medium,internationally_reconciled,eligible after trust gate,"UIS harmonizes national administrative and survey data, but definitions and measurement capacity can vary across countries."
Highest corn yield,Crops,QCL:'0112:5412,FAOSTAT,94,2024,159,55%,45%,88,approved,Mixed observed and modeled,medium,internationally_reconciled,eligible after trust gate,"FAO-standardized agricultural statistics; country submissions are checked and documented, with estimates used for some gaps."
Highest potatoes yield,Crops,QCL:'01510:5412,FAOSTAT,94,2024,149,58%,42%,88,approved,Mixed observed and modeled,medium,internationally_reconciled,eligible after trust gate,"FAO-standardized agricultural statistics; country submissions are checked and documented, with estimates used for some gaps."
Highest onions and shallots yield,Vegetables,QCL:'01253.02:5412,FAOSTAT,94,2024,137,56%,44%,88,approved,Mixed observed and modeled,medium,internationally_reconciled,eligible after trust gate,"FAO-standardized agricultural statistics; country submissions are checked and documented, with estimates used for some gaps."
Highest cucumbers and gherkins yield,Vegetables,QCL:'01232:5412,FAOSTAT,94,2024,127,57%,43%,88,approved,Mixed observed and modeled,medium,internationally_reconciled,eligible after trust gate,"FAO-standardized agricultural statistics; country submissions are checked and documented, with estimates used for some gaps."
Highest green chilies and peppers yield,Vegetables,QCL:'01231:5412,FAOSTAT,94,2024,122,51%,49%,88,approved,Mixed observed and modeled,medium,internationally_reconciled,eligible after trust gate,"FAO-standardized agricultural statistics; country submissions are checked and documented, with estimates used for some gaps."
Largest wheat production,Crops,QCL:'0111:5510,FAOSTAT,94,2024,121,69%,31%,88,approved,Mixed observed and modeled,medium,internationally_reconciled,eligible after trust gate,"FAO-standardized agricultural statistics; country submissions are checked and documented, with estimates used for some gaps."
Highest rice yield,Crops,QCL:'0113:5412,FAOSTAT,94,2024,113,52%,48%,88,approved,Mixed observed and modeled,medium,internationally_reconciled,eligible after trust gate,"FAO-standardized agricultural statistics; country submissions are checked and documented, with estimates used for some gaps."
Highest lemons and limes yield,Fruit,QCL:'01322:5412,FAOSTAT,94,2024,100,36%,64%,88,approved,Mixed observed and modeled,medium,internationally_reconciled,eligible after trust gate,"FAO-standardized agricultural statistics; country submissions are checked and documented, with estimates used for some gaps."
Highest lettuce and chicory yield,Agriculture,QCL:'01214:5412,FAOSTAT,94,2024,100,52%,48%,88,approved,Mixed observed and modeled,medium,internationally_reconciled,eligible after trust gate,"FAO-standardized agricultural statistics; country submissions are checked and documented, with estimates used for some gaps."
Highest soybeans yield,Crops,QCL:'0141:5412,FAOSTAT,94,2024,100,61%,39%,88,approved,Mixed observed and modeled,medium,internationally_reconciled,eligible after trust gate,"FAO-standardized agricultural statistics; country submissions are checked and documented, with estimates used for some gaps."
Highest fixed broadband subscriptions per 100 people,Technology,IT.NET.BBND.P2,World Bank,93,2024,192,—,—,76,caution,Mixed observed and modeled,medium,internationally_reconciled,eligible after trust gate,ITU-standardized telecommunications administrative data; subscription definitions and national reporting practices can still differ.
Highest methane emissions,Environment,EN.GHG.CH4.MT.CE.AR5,World Bank,93,2024,186,—,—,86,approved,Internationally harmonized,medium,internationally_reconciled,eligible after trust gate,World Development Indicators compiled from recognized international sources with documented metadata.
Highest total CO₂ emissions,Environment,EN.GHG.CO2.MT.CE.AR5,World Bank,93,2024,186,—,—,86,approved,Internationally harmonized,medium,internationally_reconciled,eligible after trust gate,World Development Indicators compiled from recognized international sources with documented metadata.
Largest roots and tubers production,Agriculture,QCL:'F1720:5510,FAOSTAT,93,2024,184,53%,47%,88,approved,Mixed observed and modeled,medium,internationally_reconciled,eligible after trust gate,"FAO-standardized agricultural statistics; country submissions are checked and documented, with estimates used for some gaps."
Largest cattle population,Livestock,QCL:'02111:5111,FAOSTAT,93,2024,182,50%,50%,88,approved,Mixed observed and modeled,medium,internationally_reconciled,eligible after trust gate,"FAO-standardized agricultural statistics; country submissions are checked and documented, with estimates used for some gaps."
Largest cow's milk production,Livestock,QCL:'02211:5510,FAOSTAT,93,2024,176,52%,48%,88,approved,Mixed observed and modeled,medium,internationally_reconciled,eligible after trust gate,"FAO-standardized agricultural statistics; country submissions are checked and documented, with estimates used for some gaps."
Largest cereals production,Crops,QCL:'F1717:5510,FAOSTAT,93,2024,175,63%,37%,88,approved,Mixed observed and modeled,medium,internationally_reconciled,eligible after trust gate,"FAO-standardized agricultural statistics; country submissions are checked and documented, with estimates used for some gaps."
Largest sheep population,Livestock,QCL:'02122:5111,FAOSTAT,93,2024,171,48%,52%,88,approved,Mixed observed and modeled,medium,internationally_reconciled,eligible after trust gate,"FAO-standardized agricultural statistics; country submissions are checked and documented, with estimates used for some gaps."
Largest corn production,Crops,QCL:'0112:5510,FAOSTAT,93,2024,166,61%,39%,88,approved,Mixed observed and modeled,medium,internationally_reconciled,eligible after trust gate,"FAO-standardized agricultural statistics; country submissions are checked and documented, with estimates used for some gaps."
Largest tomatoes production,Vegetables,QCL:'01234:5510,FAOSTAT,93,2024,163,58%,42%,88,approved,Mixed observed and modeled,medium,internationally_reconciled,eligible after trust gate,"FAO-standardized agricultural statistics; country submissions are checked and documented, with estimates used for some gaps."
Highest tomatoes yield,Vegetables,QCL:'01234:5412,FAOSTAT,93,2024,159,50%,50%,88,approved,Mixed observed and modeled,medium,internationally_reconciled,eligible after trust gate,"FAO-standardized agricultural statistics; country submissions are checked and documented, with estimates used for some gaps."
Largest potatoes production,Crops,QCL:'01510:5510,FAOSTAT,93,2024,151,62%,38%,88,approved,Mixed observed and modeled,medium,internationally_reconciled,eligible after trust gate,"FAO-standardized agricultural statistics; country submissions are checked and documented, with estimates used for some gaps."
Largest cabbage production,Vegetables,QCL:'01212:5510,FAOSTAT,93,2024,143,60%,40%,88,approved,Mixed observed and modeled,medium,internationally_reconciled,eligible after trust gate,"FAO-standardized agricultural statistics; country submissions are checked and documented, with estimates used for some gaps."
Largest onions and shallots production,Vegetables,QCL:'01253.02:5510,FAOSTAT,93,2024,138,61%,39%,88,approved,Mixed observed and modeled,medium,internationally_reconciled,eligible after trust gate,"FAO-standardized agricultural statistics; country submissions are checked and documented, with estimates used for some gaps."
Largest cucumbers and gherkins production,Vegetables,QCL:'01232:5510,FAOSTAT,93,2024,131,63%,37%,88,approved,Mixed observed and modeled,medium,internationally_reconciled,eligible after trust gate,"FAO-standardized agricultural statistics; country submissions are checked and documented, with estimates used for some gaps."
Largest carrots and turnips production,Vegetables,QCL:'01251:5510,FAOSTAT,93,2024,128,63%,38%,88,approved,Mixed observed and modeled,medium,internationally_reconciled,eligible after trust gate,"FAO-standardized agricultural statistics; country submissions are checked and documented, with estimates used for some gaps."
Largest green chilies and peppers production,Vegetables,QCL:'01231:5510,FAOSTAT,93,2024,124,57%,43%,88,approved,Mixed observed and modeled,medium,internationally_reconciled,eligible after trust gate,"FAO-standardized agricultural statistics; country submissions are checked and documented, with estimates used for some gaps."
"Largest pumpkins, squash, and gourds production",Agriculture,QCL:'01235:5510,FAOSTAT,93,2024,122,56%,44%,88,approved,Mixed observed and modeled,medium,internationally_reconciled,eligible after trust gate,"FAO-standardized agricultural statistics; country submissions are checked and documented, with estimates used for some gaps."
"Highest pumpkins, squash, and gourds yield",Agriculture,QCL:'01235:5412,FAOSTAT,93,2024,120,49%,51%,88,approved,Mixed observed and modeled,medium,internationally_reconciled,eligible after trust gate,"FAO-standardized agricultural statistics; country submissions are checked and documented, with estimates used for some gaps."
Highest watermelons yield,Agriculture,QCL:'01221:5412,FAOSTAT,93,2024,118,52%,48%,88,approved,Mixed observed and modeled,medium,internationally_reconciled,eligible after trust gate,"FAO-standardized agricultural statistics; country submissions are checked and documented, with estimates used for some gaps."
Largest sorghum production,Agriculture,QCL:'0114:5510,FAOSTAT,93,2024,115,54%,46%,88,approved,Mixed observed and modeled,medium,internationally_reconciled,eligible after trust gate,"FAO-standardized agricultural statistics; country submissions are checked and documented, with estimates used for some gaps."
Highest bananas yield,Fruit,QCL:'01312:5412,FAOSTAT,93,2024,112,34%,66%,88,approved,Mixed observed and modeled,medium,internationally_reconciled,eligible after trust gate,"FAO-standardized agricultural statistics; country submissions are checked and documented, with estimates used for some gaps."
Highest oranges yield,Fruit,QCL:'01323:5412,FAOSTAT,93,2024,110,32%,68%,88,approved,Mixed observed and modeled,medium,internationally_reconciled,eligible after trust gate,"FAO-standardized agricultural statistics; country submissions are checked and documented, with estimates used for some gaps."
Highest peanuts yield,Agriculture,QCL:'0142:5412,FAOSTAT,93,2024,106,41%,59%,88,approved,Mixed observed and modeled,medium,internationally_reconciled,eligible after trust gate,"FAO-standardized agricultural statistics; country submissions are checked and documented, with estimates used for some gaps."
Largest lettuce and chicory production,Agriculture,QCL:'01214:5510,FAOSTAT,93,2024,103,59%,41%,88,approved,Mixed observed and modeled,medium,internationally_reconciled,eligible after trust gate,"FAO-standardized agricultural statistics; country submissions are checked and documented, with estimates used for some gaps."
Highest dry peas yield,Agriculture,QCL:'01705:5412,FAOSTAT,93,2024,95,54%,46%,88,approved,Mixed observed and modeled,medium,internationally_reconciled,eligible after trust gate,"FAO-standardized agricultural statistics; country submissions are checked and documented, with estimates used for some gaps."
Highest cauliflower and broccoli yield,Agriculture,QCL:'01213:5412,FAOSTAT,93,2024,93,60%,40%,88,approved,Mixed observed and modeled,medium,internationally_reconciled,eligible after trust gate,"FAO-standardized agricultural statistics; country submissions are checked and documented, with estimates used for some gaps."
Highest apples yield,Fruit,QCL:'01341:5412,FAOSTAT,93,2024,92,59%,41%,88,approved,Mixed observed and modeled,medium,internationally_reconciled,eligible after trust gate,"FAO-standardized agricultural statistics; country submissions are checked and documented, with estimates used for some gaps."
Highest CO₂ emissions per person,Environment,EN.GHG.CO2.PC.CE.AR5,World Bank,92,2024,186,—,—,86,approved,Internationally harmonized,medium,internationally_reconciled,eligible after trust gate,World Development Indicators compiled from recognized international sources with documented metadata.
Largest fruit production,Fruit,QCL:'F1738:5510,FAOSTAT,92,2024,185,45%,55%,88,approved,Mixed observed and modeled,medium,internationally_reconciled,eligible after trust gate,"FAO-standardized agricultural statistics; country submissions are checked and documented, with estimates used for some gaps."
Largest vegetables production,Vegetables,QCL:'F1735:5510,FAOSTAT,92,2024,185,47%,53%,88,approved,Mixed observed and modeled,medium,internationally_reconciled,eligible after trust gate,"FAO-standardized agricultural statistics; country submissions are checked and documented, with estimates used for some gaps."
Largest beef and buffalo meat production,Livestock,QCL:'F1806:5510,FAOSTAT,92,2024,182,48%,52%,88,approved,Mixed observed and modeled,medium,internationally_reconciled,eligible after trust gate,"FAO-standardized agricultural statistics; country submissions are checked and documented, with estimates used for some gaps."
Largest chicken meat production,Livestock,QCL:'21121:5510,FAOSTAT,92,2024,182,46%,54%,88,approved,Mixed observed and modeled,medium,internationally_reconciled,eligible after trust gate,"FAO-standardized agricultural statistics; country submissions are checked and documented, with estimates used for some gaps."
Largest sheep and goat meat production,Livestock,QCL:'F1807:5510,FAOSTAT,92,2024,178,42%,58%,88,approved,Mixed observed and modeled,medium,internationally_reconciled,eligible after trust gate,"FAO-standardized agricultural statistics; country submissions are checked and documented, with estimates used for some gaps."
Largest eggs production,Agriculture,QCL:'0231:5513,FAOSTAT,92,2024,176,44%,56%,88,approved,Mixed observed and modeled,medium,internationally_reconciled,eligible after trust gate,"FAO-standardized agricultural statistics; country submissions are checked and documented, with estimates used for some gaps."
Largest goat population,Livestock,QCL:'02123:5111,FAOSTAT,92,2024,175,46%,54%,88,approved,Mixed observed and modeled,medium,internationally_reconciled,eligible after trust gate,"FAO-standardized agricultural statistics; country submissions are checked and documented, with estimates used for some gaps."
"Largest pulses, total production",Agriculture,QCL:'F1726:5510,FAOSTAT,92,2024,168,45%,55%,88,approved,Mixed observed and modeled,medium,internationally_reconciled,eligible after trust gate,"FAO-standardized agricultural statistics; country submissions are checked and documented, with estimates used for some gaps."
Largest pig population,Livestock,QCL:'02140:5111,FAOSTAT,92,2024,164,50%,50%,88,approved,Mixed observed and modeled,medium,internationally_reconciled,eligible after trust gate,"FAO-standardized agricultural statistics; country submissions are checked and documented, with estimates used for some gaps."
Largest pork production,Livestock,QCL:'21113.01:5510,FAOSTAT,92,2024,163,48%,52%,88,approved,Mixed observed and modeled,medium,internationally_reconciled,eligible after trust gate,"FAO-standardized agricultural statistics; country submissions are checked and documented, with estimates used for some gaps."
Largest horse population,Livestock,QCL:'02131:5111,FAOSTAT,92,2024,137,31%,69%,88,approved,Mixed observed and modeled,medium,internationally_reconciled,eligible after trust gate,"FAO-standardized agricultural statistics; country submissions are checked and documented, with estimates used for some gaps."
Largest rice production,Crops,QCL:'0113:5510,FAOSTAT,92,2024,133,69%,31%,88,approved,Mixed observed and modeled,medium,internationally_reconciled,eligible after trust gate,"FAO-standardized agricultural statistics; country submissions are checked and documented, with estimates used for some gaps."
Largest watermelons production,Agriculture,QCL:'01221:5510,FAOSTAT,92,2024,130,61%,39%,88,approved,Mixed observed and modeled,medium,internationally_reconciled,eligible after trust gate,"FAO-standardized agricultural statistics; country submissions are checked and documented, with estimates used for some gaps."
Largest tree nuts production,Agriculture,QCL:'F1729:5510,FAOSTAT,92,2024,123,46%,54%,88,approved,Mixed observed and modeled,medium,internationally_reconciled,eligible after trust gate,"FAO-standardized agricultural statistics; country submissions are checked and documented, with estimates used for some gaps."
Largest goat milk production,Livestock,QCL:'02292:5510,FAOSTAT,92,2024,111,42%,58%,88,approved,Mixed observed and modeled,medium,internationally_reconciled,eligible after trust gate,"FAO-standardized agricultural statistics; country submissions are checked and documented, with estimates used for some gaps."
Largest peanuts production,Agriculture,QCL:'0142:5510,FAOSTAT,92,2024,107,45%,55%,88,approved,Mixed observed and modeled,medium,internationally_reconciled,eligible after trust gate,"FAO-standardized agricultural statistics; country submissions are checked and documented, with estimates used for some gaps."
Highest sorghum yield,Agriculture,QCL:'0114:5412,FAOSTAT,92,2024,106,47%,53%,88,approved,Mixed observed and modeled,medium,internationally_reconciled,eligible after trust gate,"FAO-standardized agricultural statistics; country submissions are checked and documented, with estimates used for some gaps."
Largest soybeans production,Crops,QCL:'0141:5510,FAOSTAT,92,2024,106,64%,36%,88,approved,Mixed observed and modeled,medium,internationally_reconciled,eligible after trust gate,"FAO-standardized agricultural statistics; country submissions are checked and documented, with estimates used for some gaps."
Highest sweet potatoes yield,Crops,QCL:'01530:5412,FAOSTAT,92,2024,105,34%,66%,88,approved,Mixed observed and modeled,medium,internationally_reconciled,eligible after trust gate,"FAO-standardized agricultural statistics; country submissions are checked and documented, with estimates used for some gaps."
Largest sweet potatoes production,Crops,QCL:'01530:5510,FAOSTAT,92,2024,105,41%,59%,88,approved,Mixed observed and modeled,medium,internationally_reconciled,eligible after trust gate,"FAO-standardized agricultural statistics; country submissions are checked and documented, with estimates used for some gaps."
Highest dry beans yield,Crops,QCL:'01701:5412,FAOSTAT,92,2024,104,39%,61%,88,approved,Mixed observed and modeled,medium,internationally_reconciled,eligible after trust gate,"FAO-standardized agricultural statistics; country submissions are checked and documented, with estimates used for some gaps."
Largest dry beans production,Crops,QCL:'01701:5510,FAOSTAT,92,2024,104,41%,59%,88,approved,Mixed observed and modeled,medium,internationally_reconciled,eligible after trust gate,"FAO-standardized agricultural statistics; country submissions are checked and documented, with estimates used for some gaps."
Largest melons production,Agriculture,QCL:'01229:5510,FAOSTAT,92,2024,103,62%,38%,88,approved,Mixed observed and modeled,medium,internationally_reconciled,eligible after trust gate,"FAO-standardized agricultural statistics; country submissions are checked and documented, with estimates used for some gaps."
Largest eggplants production,Agriculture,QCL:'01233:5510,FAOSTAT,92,2024,97,63%,37%,88,approved,Mixed observed and modeled,medium,internationally_reconciled,eligible after trust gate,"FAO-standardized agricultural statistics; country submissions are checked and documented, with estimates used for some gaps."
"Highest mangoes, guavas, and mangosteens yield",Fruit,QCL:'01316:5412,FAOSTAT,92,2024,96,31%,69%,88,approved,Mixed observed and modeled,medium,internationally_reconciled,eligible after trust gate,"FAO-standardized agricultural statistics; country submissions are checked and documented, with estimates used for some gaps."
Largest cauliflower and broccoli production,Agriculture,QCL:'01213:5510,FAOSTAT,92,2024,96,67%,33%,88,approved,Mixed observed and modeled,medium,internationally_reconciled,eligible after trust gate,"FAO-standardized agricultural statistics; country submissions are checked and documented, with estimates used for some gaps."
Largest dry peas production,Agriculture,QCL:'01705:5510,FAOSTAT,92,2024,96,56%,44%,88,approved,Mixed observed and modeled,medium,internationally_reconciled,eligible after trust gate,"FAO-standardized agricultural statistics; country submissions are checked and documented, with estimates used for some gaps."
Largest grapes production,Fruit,QCL:'01330:5510,FAOSTAT,92,2024,95,61%,39%,88,approved,Mixed observed and modeled,medium,internationally_reconciled,eligible after trust gate,"FAO-standardized agricultural statistics; country submissions are checked and documented, with estimates used for some gaps."
Highest grapes yield,Fruit,QCL:'01330:5412,FAOSTAT,92,2024,91,56%,44%,88,approved,Mixed observed and modeled,medium,internationally_reconciled,eligible after trust gate,"FAO-standardized agricultural statistics; country submissions are checked and documented, with estimates used for some gaps."
Highest melons yield,Agriculture,QCL:'01229:5412,FAOSTAT,92,2024,91,51%,49%,88,approved,Mixed observed and modeled,medium,internationally_reconciled,eligible after trust gate,"FAO-standardized agricultural statistics; country submissions are checked and documented, with estimates used for some gaps."
Highest fertility rate,Health,SP.DYN.TFRT.IN,World Bank,91,2024,194,—,—,86,approved,Internationally harmonized,medium,internationally_reconciled,eligible after trust gate,World Development Indicators compiled from recognized international sources with documented metadata.
Most scientific journal articles,Knowledge,IP.JRN.ARTC.SC,World Bank,91,2023,194,—,—,86,approved,Independent bibliometric,medium,independent,eligible after trust gate,"Independent Scopus/NSF bibliometric count based on author affiliations, not a number supplied by national governments. It measures article volume, not research quality."
Highest mobile subscriptions per 100 people,Technology,IT.CEL.SETS.P2,World Bank,91,2024,193,—,—,76,caution,Mixed observed and modeled,medium,internationally_reconciled,eligible after trust gate,ITU-standardized telecommunications administrative data; subscription definitions and national reporting practices can still differ.
Largest north-south span,Geography,largest-north-south-span,Natural Earth,91,2026,193,—,—,90,approved,Geospatially derived,low,independent,eligible after trust gate,Calculated consistently from one global geometry dataset rather than national claims.
Lowest infant mortality,Health,SP.DYN.IMRT.IN,World Bank,91,2024,193,—,—,86,approved,Internationally harmonized,medium,internationally_reconciled,eligible after trust gate,World Development Indicators compiled from recognized international sources with documented metadata.
Northernmost country,Geography,northernmost-country,Natural Earth,91,2026,193,—,—,90,approved,Geospatially derived,low,independent,eligible after trust gate,Calculated consistently from one global geometry dataset rather than national claims.
Southernmost country,Geography,southernmost-country,Natural Earth,91,2026,193,—,—,90,approved,Geospatially derived,low,independent,eligible after trust gate,Calculated consistently from one global geometry dataset rather than national claims.
Highest health spending share,Health,SH.XPD.CHEX.GD.ZS,World Bank,91,2024,192,—,—,86,approved,Internationally harmonized,medium,internationally_reconciled,eligible after trust gate,World Development Indicators compiled from recognized international sources with documented metadata.
Highest female labor participation,Labor,SL.TLF.CACT.FE.ZS,World Bank,91,2025,178,—,—,80,caution,Mixed observed and modeled,medium,internationally_reconciled,eligible after trust gate,"Labor-force surveys and ILO harmonization improve comparability, although survey definitions and modeled values remain relevant."
Largest chicken population,Livestock,QCL:'02151:5112,FAOSTAT,91,2024,171,36%,64%,88,approved,Mixed observed and modeled,medium,internationally_reconciled,eligible after trust gate,"FAO-standardized agricultural statistics; country submissions are checked and documented, with estimates used for some gaps."
Highest exports share of GDP,Economy,NE.EXP.GNFS.ZS,World Bank,91,2025,169,—,—,91,approved,Internationally harmonized,low,internationally_reconciled,eligible after trust gate,National accounts reconciled under international accounting standards and cross-checked across related aggregates.
Largest bananas production,Fruit,QCL:'01312:5510,FAOSTAT,91,2024,134,54%,46%,88,approved,Mixed observed and modeled,medium,internationally_reconciled,eligible after trust gate,"FAO-standardized agricultural statistics; country submissions are checked and documented, with estimates used for some gaps."
Largest oranges production,Fruit,QCL:'01323:5510,FAOSTAT,91,2024,130,48%,52%,88,approved,Mixed observed and modeled,medium,internationally_reconciled,eligible after trust gate,"FAO-standardized agricultural statistics; country submissions are checked and documented, with estimates used for some gaps."
Largest tobacco production,Agriculture,QCL:'01970:5510,FAOSTAT,91,2024,128,47%,53%,88,approved,Mixed observed and modeled,medium,internationally_reconciled,eligible after trust gate,"FAO-standardized agricultural statistics; country submissions are checked and documented, with estimates used for some gaps."
Largest lemons and limes production,Fruit,QCL:'01322:5510,FAOSTAT,91,2024,121,50%,50%,88,approved,Mixed observed and modeled,medium,internationally_reconciled,eligible after trust gate,"FAO-standardized agricultural statistics; country submissions are checked and documented, with estimates used for some gaps."
Largest honey production,Agriculture,QCL:'02910:5510,FAOSTAT,91,2024,115,43%,57%,88,approved,Mixed observed and modeled,medium,internationally_reconciled,eligible after trust gate,"FAO-standardized agricultural statistics; country submissions are checked and documented, with estimates used for some gaps."
"Largest mangoes, guavas, and mangosteens production",Fruit,QCL:'01316:5510,FAOSTAT,91,2024,96,39%,61%,88,approved,Mixed observed and modeled,medium,internationally_reconciled,eligible after trust gate,"FAO-standardized agricultural statistics; country submissions are checked and documented, with estimates used for some gaps."
Largest apples production,Fruit,QCL:'01341:5510,FAOSTAT,91,2024,93,67%,33%,88,approved,Mixed observed and modeled,medium,internationally_reconciled,eligible after trust gate,"FAO-standardized agricultural statistics; country submissions are checked and documented, with estimates used for some gaps."
Highest sugarcane yield,Crops,QCL:'01802:5412,FAOSTAT,91,2024,92,36%,64%,88,approved,Mixed observed and modeled,medium,internationally_reconciled,eligible after trust gate,"FAO-standardized agricultural statistics; country submissions are checked and documented, with estimates used for some gaps."
Highest cassava yield,Crops,QCL:'01520.01:5412,FAOSTAT,91,2024,91,38%,62%,88,approved,Mixed observed and modeled,medium,internationally_reconciled,eligible after trust gate,"FAO-standardized agricultural statistics; country submissions are checked and documented, with estimates used for some gaps."
Highest eggplants yield,Agriculture,QCL:'01233:5412,FAOSTAT,91,2024,91,54%,46%,88,approved,Mixed observed and modeled,medium,internationally_reconciled,eligible after trust gate,"FAO-standardized agricultural statistics; country submissions are checked and documented, with estimates used for some gaps."
Largest cassava production,Crops,QCL:'01520.01:5510,FAOSTAT,91,2024,91,44%,56%,88,approved,Mixed observed and modeled,medium,internationally_reconciled,eligible after trust gate,"FAO-standardized agricultural statistics; country submissions are checked and documented, with estimates used for some gaps."
Largest forest area,Land,AG.LND.FRST.K2,World Bank,90,2023,194,—,—,86,approved,Internationally harmonized,medium,internationally_reconciled,eligible after trust gate,World Development Indicators compiled from recognized international sources with documented metadata.
Largest land area,Land,AG.LND.TOTL.K2,World Bank,90,2023,194,—,—,86,approved,Internationally harmonized,medium,internationally_reconciled,eligible after trust gate,World Development Indicators compiled from recognized international sources with documented metadata.
Longest coastline,Geography,longest-coastline,Natural Earth,90,2026,193,—,—,45,quarantined,Geospatially derived,high,needs_corroboration,quarantined,Coastline length changes materially with map resolution. Natural Earth generalized geometry is unsuitable for a definitive country ranking.
Highest employment-to-population ratio,Labor,EMP_2WAP_SEX_AGE_RT_A,ILOSTAT,90,2025,174,0%,100%,83,approved,Modeled estimate,medium,internationally_reconciled,eligible after trust gate,ILO-harmonized labor-force surveys and modeled estimates under international statistical standards.
Highest labor-income share of GDP,Labor,SDG_1041_NOC_RT_A,ILOSTAT,90,2025,174,—,85%,83,approved,Modeled estimate,medium,internationally_reconciled,eligible after trust gate,ILO-harmonized labor-force surveys and modeled estimates under international statistical standards.
Highest output per worker,Economy,GDP_205U_NOC_NB_A,ILOSTAT,90,2025,174,0%,100%,83,approved,Modeled estimate,medium,internationally_reconciled,eligible after trust gate,ILO-harmonized labor-force surveys and modeled estimates under international statistical standards.
Lowest unemployment rate,Labor,UNE_2EAP_SEX_AGE_RT_A,ILOSTAT,90,2025,174,0%,100%,83,approved,Modeled estimate,medium,internationally_reconciled,eligible after trust gate,ILO-harmonized labor-force surveys and modeled estimates under international statistical standards.
Largest bee population,Agriculture,QCL:'02196:5114,FAOSTAT,90,2023,109,50%,50%,88,approved,Mixed observed and modeled,medium,internationally_reconciled,eligible after trust gate,"FAO-standardized agricultural statistics; country submissions are checked and documented, with estimates used for some gaps."
Largest sugarcane production,Crops,QCL:'01802:5510,FAOSTAT,90,2024,92,42%,58%,88,approved,Mixed observed and modeled,medium,internationally_reconciled,eligible after trust gate,"FAO-standardized agricultural statistics; country submissions are checked and documented, with estimates used for some gaps."
Largest plums and sloes production,Agriculture,QCL:'01346:5510,FAOSTAT,90,2024,88,65%,35%,88,approved,Mixed observed and modeled,medium,internationally_reconciled,eligible after trust gate,"FAO-standardized agricultural statistics; country submissions are checked and documented, with estimates used for some gaps."
Highest plums and sloes yield,Agriculture,QCL:'01346:5412,FAOSTAT,90,2024,86,58%,42%,88,approved,Mixed observed and modeled,medium,internationally_reconciled,eligible after trust gate,"FAO-standardized agricultural statistics; country submissions are checked and documented, with estimates used for some gaps."
Highest pears yield,Agriculture,QCL:'01342.01:5412,FAOSTAT,90,2024,84,62%,38%,88,approved,Mixed observed and modeled,medium,internationally_reconciled,eligible after trust gate,"FAO-standardized agricultural statistics; country submissions are checked and documented, with estimates used for some gaps."
Highest life expectancy,Health,SP.DYN.LE00.IN,World Bank,89,2024,194,—,—,86,approved,Internationally harmonized,medium,internationally_reconciled,eligible after trust gate,World Development Indicators compiled from recognized international sources with documented metadata.
Highest population density,Population,EN.POP.DNST,World Bank,89,2023,194,—,—,86,approved,Internationally harmonized,medium,internationally_reconciled,eligible after trust gate,World Development Indicators compiled from recognized international sources with documented metadata.
Most arable land,Agriculture,AG.LND.ARBL.HA,World Bank,89,2023,191,—,—,86,approved,Internationally harmonized,medium,internationally_reconciled,eligible after trust gate,World Development Indicators compiled from recognized international sources with documented metadata.
Most asylum applications received,Displacement,asylum-applications:coa:applied,UNHCR,89,2024,151,100%,0%,86,approved,Observed/administrative,medium,single_system,eligible after trust gate,Operational registration and asylum records standardized by UNHCR; registration-system differences remain possible.
Highest food share of exports,Trade,TX.VAL.FOOD.ZS.UN,World Bank,89,2025,158,—,—,95,approved,Observed/administrative,low,internationally_reconciled,eligible after trust gate,Customs and trade records harmonized through international statistical systems.
Largest butter and ghee production,Dairy,QCL:'F1811:5510,FAOSTAT,89,2023,125,40%,60%,88,approved,Mixed observed and modeled,medium,internationally_reconciled,eligible after trust gate,"FAO-standardized agricultural statistics; country submissions are checked and documented, with estimates used for some gaps."
Largest cheese production,Dairy,QCL:'F1745:5510,FAOSTAT,89,2023,107,47%,53%,88,approved,Mixed observed and modeled,medium,internationally_reconciled,eligible after trust gate,"FAO-standardized agricultural statistics; country submissions are checked and documented, with estimates used for some gaps."
Largest avocado production,Fruit,QCL:'01311:5510,FAOSTAT,89,2024,92,59%,41%,88,approved,Mixed observed and modeled,medium,internationally_reconciled,eligible after trust gate,"FAO-standardized agricultural statistics; country submissions are checked and documented, with estimates used for some gaps."
Largest peaches and nectarines production,Agriculture,QCL:'01345:5510,FAOSTAT,89,2024,89,64%,36%,88,approved,Mixed observed and modeled,medium,internationally_reconciled,eligible after trust gate,"FAO-standardized agricultural statistics; country submissions are checked and documented, with estimates used for some gaps."
Largest pears production,Agriculture,QCL:'01342.01:5510,FAOSTAT,89,2024,85,69%,31%,88,approved,Mixed observed and modeled,medium,internationally_reconciled,eligible after trust gate,"FAO-standardized agricultural statistics; country submissions are checked and documented, with estimates used for some gaps."
Highest pineapple yield,Fruit,QCL:'01318:5412,FAOSTAT,89,2024,81,35%,65%,88,approved,Mixed observed and modeled,medium,internationally_reconciled,eligible after trust gate,"FAO-standardized agricultural statistics; country submissions are checked and documented, with estimates used for some gaps."
Largest pineapple production,Fruit,QCL:'01318:5510,FAOSTAT,89,2024,81,43%,57%,88,approved,Mixed observed and modeled,medium,internationally_reconciled,eligible after trust gate,"FAO-standardized agricultural statistics; country submissions are checked and documented, with estimates used for some gaps."
Highest green peas yield,Agriculture,QCL:'01242:5412,FAOSTAT,89,2024,79,58%,42%,88,approved,Mixed observed and modeled,medium,internationally_reconciled,eligible after trust gate,"FAO-standardized agricultural statistics; country submissions are checked and documented, with estimates used for some gaps."
Highest strawberries yield,Agriculture,QCL:'01354:5412,FAOSTAT,89,2024,79,63%,37%,88,approved,Mixed observed and modeled,medium,internationally_reconciled,eligible after trust gate,"FAO-standardized agricultural statistics; country submissions are checked and documented, with estimates used for some gaps."
Largest oats production,Agriculture,QCL:'0117:5510,FAOSTAT,89,2024,76,75%,25%,88,approved,Mixed observed and modeled,medium,internationally_reconciled,eligible after trust gate,"FAO-standardized agricultural statistics; country submissions are checked and documented, with estimates used for some gaps."
Highest forest coverage,Land,AG.LND.FRST.ZS,World Bank,88,2023,194,—,—,86,approved,Internationally harmonized,medium,internationally_reconciled,eligible after trust gate,World Development Indicators compiled from recognized international sources with documented metadata.
Longest total land border,Geography,longest-land-border,Natural Earth,88,2026,193,—,—,90,approved,Geospatially derived,low,independent,eligible after trust gate,Calculated consistently from one global geometry dataset rather than national claims.
Highest arable-land share,Agriculture,AG.LND.ARBL.ZS,World Bank,88,2023,191,—,—,86,approved,Internationally harmonized,medium,internationally_reconciled,eligible after trust gate,World Development Indicators compiled from recognized international sources with documented metadata.
Fastest labor-productivity growth,Economy,SDG_0821_NOC_RT_A,ILOSTAT,88,2025,174,—,95%,83,approved,Modeled estimate,medium,internationally_reconciled,eligible after trust gate,ILO-harmonized labor-force surveys and modeled estimates under international statistical standards.
Highest investment share,Economy,NE.GDI.TOTL.ZS,World Bank,88,2025,165,—,—,91,approved,Internationally harmonized,low,internationally_reconciled,eligible after trust gate,National accounts reconciled under international accounting standards and cross-checked across related aggregates.
Largest beer production,Crops,QCL:'24310.01:5510,FAOSTAT,88,2023,161,17%,83%,88,approved,Modeled estimate,medium,internationally_reconciled,eligible after trust gate,"FAO-standardized agricultural statistics; country submissions are checked and documented, with estimates used for some gaps."
Largest high-tech exports,Trade,TX.VAL.TECH.CD,World Bank,88,2024,159,—,—,95,approved,Observed/administrative,low,internationally_reconciled,eligible after trust gate,Customs and trade records harmonized through international statistical systems.
Highest tuberculosis vaccination rate,Vaccination,WHS4_543,WHO,88,2025,153,—,—,82,caution,Mixed observed and modeled,medium,internationally_reconciled,eligible after trust gate,"WHO immunization coverage series. Retained as standardized reported/estimated coverage, not represented as an independently measured census."
Largest cane and beet sugar production,Crops,QCL:'2351f:5510,FAOSTAT,88,2023,123,27%,73%,88,approved,Mixed observed and modeled,medium,internationally_reconciled,eligible after trust gate,"FAO-standardized agricultural statistics; country submissions are checked and documented, with estimates used for some gaps."
Largest grapefruits and pomelos production,Fruit,QCL:'01321:5510,FAOSTAT,88,2024,91,52%,48%,88,approved,Mixed observed and modeled,medium,internationally_reconciled,eligible after trust gate,"FAO-standardized agricultural statistics; country submissions are checked and documented, with estimates used for some gaps."
Largest mandarins and tangerines production,Agriculture,QCL:'01324:5510,FAOSTAT,88,2024,90,57%,43%,88,approved,Mixed observed and modeled,medium,internationally_reconciled,eligible after trust gate,"FAO-standardized agricultural statistics; country submissions are checked and documented, with estimates used for some gaps."
Largest green peas production,Agriculture,QCL:'01242:5510,FAOSTAT,88,2024,83,66%,34%,88,approved,Mixed observed and modeled,medium,internationally_reconciled,eligible after trust gate,"FAO-standardized agricultural statistics; country submissions are checked and documented, with estimates used for some gaps."
Largest strawberries production,Agriculture,QCL:'01354:5510,FAOSTAT,88,2024,80,70%,30%,88,approved,Mixed observed and modeled,medium,internationally_reconciled,eligible after trust gate,"FAO-standardized agricultural statistics; country submissions are checked and documented, with estimates used for some gaps."
Largest sunflower seeds production,Agriculture,QCL:'01445:5510,FAOSTAT,88,2024,79,70%,30%,88,approved,Mixed observed and modeled,medium,internationally_reconciled,eligible after trust gate,"FAO-standardized agricultural statistics; country submissions are checked and documented, with estimates used for some gaps."
Highest peaches and nectarines yield,Agriculture,QCL:'01345:5412,FAOSTAT,88,2024,78,53%,47%,88,approved,Mixed observed and modeled,medium,internationally_reconciled,eligible after trust gate,"FAO-standardized agricultural statistics; country submissions are checked and documented, with estimates used for some gaps."
Highest oats yield,Agriculture,QCL:'0117:5412,FAOSTAT,88,2024,74,74%,26%,88,approved,Mixed observed and modeled,medium,internationally_reconciled,eligible after trust gate,"FAO-standardized agricultural statistics; country submissions are checked and documented, with estimates used for some gaps."
Highest food share of imports,Trade,TM.VAL.FOOD.ZS.UN,World Bank,87,2025,158,—,—,95,approved,Observed/administrative,low,internationally_reconciled,eligible after trust gate,Customs and trade records harmonized through international statistical systems.
Highest gross savings rate,Economy,NY.GNS.ICTR.ZS,World Bank,87,2025,154,—,—,91,approved,Internationally harmonized,low,internationally_reconciled,eligible after trust gate,National accounts reconciled under international accounting standards and cross-checked across related aggregates.
Highest coconuts yield,Agriculture,QCL:'01460:5412,FAOSTAT,87,2024,78,19%,81%,88,approved,Modeled estimate,medium,internationally_reconciled,eligible after trust gate,"FAO-standardized agricultural statistics; country submissions are checked and documented, with estimates used for some gaps."
Largest apricot production,Agriculture,QCL:'01343:5510,FAOSTAT,87,2024,76,67%,33%,88,approved,Mixed observed and modeled,medium,internationally_reconciled,eligible after trust gate,"FAO-standardized agricultural statistics; country submissions are checked and documented, with estimates used for some gaps."
Highest sunflower seeds yield,Agriculture,QCL:'01445:5412,FAOSTAT,87,2024,73,63%,37%,88,approved,Mixed observed and modeled,medium,internationally_reconciled,eligible after trust gate,"FAO-standardized agricultural statistics; country submissions are checked and documented, with estimates used for some gaps."
Largest electrical-equipment exports,Trade,85,UN Comtrade,86,2023,156,100%,0%,96,approved,Observed/administrative,low,internationally_reconciled,eligible after trust gate,Customs transaction records standardized by the United Nations and cross-checkable against trading-partner records.
Largest pharmaceutical exports,Trade,30,UN Comtrade,86,2023,154,100%,0%,96,approved,Observed/administrative,low,internationally_reconciled,eligible after trust gate,Customs transaction records standardized by the United Nations and cross-checkable against trading-partner records.
Largest coconuts production,Agriculture,QCL:'01460:5510,FAOSTAT,86,2024,78,23%,77%,88,approved,Mixed observed and modeled,medium,internationally_reconciled,eligible after trust gate,"FAO-standardized agricultural statistics; country submissions are checked and documented, with estimates used for some gaps."
Largest millet production,Agriculture,QCL:'0118:5510,FAOSTAT,86,2024,75,44%,56%,88,approved,Mixed observed and modeled,medium,internationally_reconciled,eligible after trust gate,"FAO-standardized agricultural statistics; country submissions are checked and documented, with estimates used for some gaps."
Highest coffee yield,Crops,QCL:'01610:5412,FAOSTAT,86,2024,73,26%,74%,88,approved,Mixed observed and modeled,medium,internationally_reconciled,eligible after trust gate,"FAO-standardized agricultural statistics; country submissions are checked and documented, with estimates used for some gaps."
Highest avocado yield,Fruit,QCL:'01311:5412,FAOSTAT,86,2024,70,39%,61%,88,approved,Mixed observed and modeled,medium,internationally_reconciled,eligible after trust gate,"FAO-standardized agricultural statistics; country submissions are checked and documented, with estimates used for some gaps."
Highest mandarins and tangerines yield,Agriculture,QCL:'01324:5412,FAOSTAT,86,2024,69,39%,61%,88,approved,Mixed observed and modeled,medium,internationally_reconciled,eligible after trust gate,"FAO-standardized agricultural statistics; country submissions are checked and documented, with estimates used for some gaps."
Most land-border neighbors,Geography,most-land-neighbors,Natural Earth,85,2026,193,—,—,90,approved,Geospatially derived,low,independent,eligible after trust gate,Calculated consistently from one global geometry dataset rather than national claims.
Highest basic drinking-water access,Infrastructure,SH.H2O.BASW.ZS,World Bank,85,2024,184,—,—,86,approved,Internationally harmonized,medium,internationally_reconciled,eligible after trust gate,World Development Indicators compiled from recognized international sources with documented metadata.
Largest aircraft exports,Trade,88,UN Comtrade,85,2023,149,100%,0%,96,approved,Observed/administrative,low,internationally_reconciled,eligible after trust gate,Customs transaction records standardized by the United Nations and cross-checkable against trading-partner records.
Largest car exports,Trade,8703,UN Comtrade,85,2023,151,100%,0%,96,approved,Observed/administrative,low,internationally_reconciled,eligible after trust gate,Customs transaction records standardized by the United Nations and cross-checkable against trading-partner records.
Highest military spending,Government,MS.MIL.XPND.CD,World Bank,85,2024,153,—,—,85,approved,Internationally harmonized,medium,independent,eligible after trust gate,"SIPRI series uses budgets, official documents, and independent estimation rather than accepting a single government assertion."
Largest cotton production,Crops,QCL:'01921.02:5510,FAOSTAT,85,2023,87,20%,80%,88,approved,Modeled estimate,medium,internationally_reconciled,eligible after trust gate,"FAO-standardized agricultural statistics; country submissions are checked and documented, with estimates used for some gaps."
Largest coffee production,Crops,QCL:'01610:5510,FAOSTAT,85,2024,73,37%,63%,88,approved,Mixed observed and modeled,medium,internationally_reconciled,eligible after trust gate,"FAO-standardized agricultural statistics; country submissions are checked and documented, with estimates used for some gaps."
Highest grapefruits and pomelos yield,Fruit,QCL:'01321:5412,FAOSTAT,85,2024,70,33%,67%,88,approved,Mixed observed and modeled,medium,internationally_reconciled,eligible after trust gate,"FAO-standardized agricultural statistics; country submissions are checked and documented, with estimates used for some gaps."
Largest papaya production,Agriculture,QCL:'01317:5510,FAOSTAT,85,2024,68,46%,54%,88,approved,Mixed observed and modeled,medium,internationally_reconciled,eligible after trust gate,"FAO-standardized agricultural statistics; country submissions are checked and documented, with estimates used for some gaps."
Largest sesame seeds production,Agriculture,QCL:'01444:5510,FAOSTAT,85,2024,68,37%,63%,88,approved,Mixed observed and modeled,medium,internationally_reconciled,eligible after trust gate,"FAO-standardized agricultural statistics; country submissions are checked and documented, with estimates used for some gaps."
Largest cherries production,Agriculture,QCL:'01344.02:5510,FAOSTAT,85,2024,66,71%,29%,88,approved,Mixed observed and modeled,medium,internationally_reconciled,eligible after trust gate,"FAO-standardized agricultural statistics; country submissions are checked and documented, with estimates used for some gaps."
Highest apricot yield,Agriculture,QCL:'01343:5412,FAOSTAT,85,2024,65,52%,48%,88,approved,Mixed observed and modeled,medium,internationally_reconciled,eligible after trust gate,"FAO-standardized agricultural statistics; country submissions are checked and documented, with estimates used for some gaps."
Largest sugar beets production,Crops,QCL:'01801:5510,FAOSTAT,85,2024,62,76%,24%,88,approved,Mixed observed and modeled,medium,internationally_reconciled,eligible after trust gate,"FAO-standardized agricultural statistics; country submissions are checked and documented, with estimates used for some gaps."
Largest coffee exports,Trade,0901,UN Comtrade,84,2023,144,100%,0%,96,approved,Observed/administrative,low,internationally_reconciled,eligible after trust gate,Customs transaction records standardized by the United Nations and cross-checkable against trading-partner records.
Largest wine production,Agriculture,QCL:'24212.02:5510,FAOSTAT,84,2023,76,41%,59%,88,approved,Mixed observed and modeled,medium,internationally_reconciled,eligible after trust gate,"FAO-standardized agricultural statistics; country submissions are checked and documented, with estimates used for some gaps."
Highest millet yield,Agriculture,QCL:'0118:5412,FAOSTAT,84,2024,73,37%,63%,88,approved,Mixed observed and modeled,medium,internationally_reconciled,eligible after trust gate,"FAO-standardized agricultural statistics; country submissions are checked and documented, with estimates used for some gaps."
Highest sesame seeds yield,Agriculture,QCL:'01444:5412,FAOSTAT,84,2024,68,34%,66%,88,approved,Mixed observed and modeled,medium,internationally_reconciled,eligible after trust gate,"FAO-standardized agricultural statistics; country submissions are checked and documented, with estimates used for some gaps."
Highest electricity access,Infrastructure,EG.ELC.ACCS.ZS,World Bank,83,2024,194,—,—,86,approved,Internationally harmonized,medium,internationally_reconciled,eligible after trust gate,World Development Indicators compiled from recognized international sources with documented metadata.
Most crude oil produced,Energy,57:1,U.S. EIA,83,2025,186,100%,0%,82,caution,Observed/administrative,medium,internationally_reconciled,conditional: must pass nonzero/tie-concentration gate,Physical energy statistics compiled by the U.S. EIA. Boards must additionally pass nonzero and tie-concentration checks.
Largest rice exports,Trade,1006,UN Comtrade,83,2023,140,100%,0%,96,approved,Observed/administrative,low,internationally_reconciled,eligible after trust gate,Customs transaction records standardized by the United Nations and cross-checkable against trading-partner records.
Highest military spending share,Government,MS.MIL.XPND.GD.ZS,World Bank,83,2024,150,—,—,85,approved,Internationally harmonized,medium,independent,eligible after trust gate,"SIPRI series uses budgets, official documents, and independent estimation rather than accepting a single government assertion."
Highest electricity use per person,Energy,EG.USE.ELEC.KH.PC,World Bank,83,2024,146,—,—,86,approved,Internationally harmonized,medium,internationally_reconciled,eligible after trust gate,World Development Indicators compiled from recognized international sources with documented metadata.
Highest energy use per person,Energy,EG.USE.PCAP.KG.OE,World Bank,83,2024,146,—,—,86,approved,Internationally harmonized,medium,internationally_reconciled,eligible after trust gate,World Development Indicators compiled from recognized international sources with documented metadata.
Largest duck population,Livestock,QCL:'02154:5112,FAOSTAT,83,2023,83,46%,54%,88,approved,Mixed observed and modeled,medium,internationally_reconciled,eligible after trust gate,"FAO-standardized agricultural statistics; country submissions are checked and documented, with estimates used for some gaps."
Largest mushrooms and truffles production,Agriculture,QCL:'01270:5510,FAOSTAT,83,2024,64,56%,44%,88,approved,Mixed observed and modeled,medium,internationally_reconciled,eligible after trust gate,"FAO-standardized agricultural statistics; country submissions are checked and documented, with estimates used for some gaps."
Largest walnuts production,Agriculture,QCL:'01376:5510,FAOSTAT,83,2024,61,70%,30%,88,approved,Mixed observed and modeled,medium,internationally_reconciled,eligible after trust gate,"FAO-standardized agricultural statistics; country submissions are checked and documented, with estimates used for some gaps."
Lowest maternal mortality,Health,MDG_0000000026,WHO,82,2023,193,—,90%,84,approved,Modeled estimate,medium,internationally_reconciled,eligible after trust gate,"WHO-standardized health, survey, administrative, and modeled estimates with published methods."
Highest clean-cooking-fuel access,Infrastructure,PHE_HHAIR_POP_CLEAN_FUELS,WHO,82,2023,189,—,80%,84,approved,Modeled estimate,medium,internationally_reconciled,eligible after trust gate,"WHO-standardized health, survey, administrative, and modeled estimates with published methods."
Largest wine exports,Trade,2204,UN Comtrade,82,2023,139,100%,0%,96,approved,Observed/administrative,low,internationally_reconciled,eligible after trust gate,Customs transaction records standardized by the United Nations and cross-checkable against trading-partner records.
Largest turkey population,Livestock,QCL:'02152:5112,FAOSTAT,82,2023,73,47%,53%,88,approved,Mixed observed and modeled,medium,internationally_reconciled,eligible after trust gate,"FAO-standardized agricultural statistics; country submissions are checked and documented, with estimates used for some gaps."
Largest figs production,Agriculture,QCL:'01315:5510,FAOSTAT,82,2024,65,63%,37%,88,approved,Mixed observed and modeled,medium,internationally_reconciled,eligible after trust gate,"FAO-standardized agricultural statistics; country submissions are checked and documented, with estimates used for some gaps."
Highest education spending share of GDP,Government,XGDP.FSGOV,UNESCO UIS,81,2022,155,100%,0%,80,caution,Observed/administrative,medium,internationally_reconciled,eligible after trust gate,"UIS harmonizes national administrative and survey data, but definitions and measurement capacity can vary across countries."
Most renewable freshwater,Environment,ER.H2O.INTR.K3,World Bank,81,2022,180,—,—,86,approved,Internationally harmonized,medium,internationally_reconciled,eligible after trust gate,World Development Indicators compiled from recognized international sources with documented metadata.
Most airline passengers,Transport,IS.AIR.PSGR,World Bank,81,2023,152,—,—,86,approved,Internationally harmonized,medium,internationally_reconciled,eligible after trust gate,World Development Indicators compiled from recognized international sources with documented metadata.
Highest safely managed sanitation access,Infrastructure,WSH_SANITATION_SAFELY_MANAGED,WHO,81,2024,135,—,—,84,approved,Mixed observed and modeled,medium,internationally_reconciled,eligible after trust gate,"WHO-standardized health, survey, administrative, and modeled estimates with published methods."
Highest safely managed drinking-water access,Infrastructure,WSH_WATER_SAFELY_MANAGED,WHO,81,2024,135,—,—,84,approved,Mixed observed and modeled,medium,internationally_reconciled,eligible after trust gate,"WHO-standardized health, survey, administrative, and modeled estimates with published methods."
Most stateless people,Displacement,population:coa:stateless,UNHCR,81,2025,94,100%,0%,86,approved,Observed/administrative,medium,single_system,eligible after trust gate,Operational registration and asylum records standardized by UNHCR; registration-system differences remain possible.
Largest almonds production,Agriculture,QCL:'01371:5510,FAOSTAT,81,2024,61,52%,48%,88,approved,Mixed observed and modeled,medium,internationally_reconciled,eligible after trust gate,"FAO-standardized agricultural statistics; country submissions are checked and documented, with estimates used for some gaps."
Largest buffalo population,Livestock,QCL:'02112:5111,FAOSTAT,80,2024,60,62%,38%,88,approved,Mixed observed and modeled,medium,internationally_reconciled,eligible after trust gate,"FAO-standardized agricultural statistics; country submissions are checked and documented, with estimates used for some gaps."
Most natural gas produced,Energy,26:1,U.S. EIA,79,2024,187,100%,0%,82,caution,Observed/administrative,medium,internationally_reconciled,conditional: must pass nonzero/tie-concentration gate,Physical energy statistics compiled by the U.S. EIA. Boards must additionally pass nonzero and tie-concentration checks.
Largest banana exports,Trade,0803,UN Comtrade,79,2023,123,100%,0%,96,approved,Observed/administrative,low,internationally_reconciled,eligible after trust gate,Customs transaction records standardized by the United Nations and cross-checkable against trading-partner records.
Largest gold exports,Trade,7108,UN Comtrade,79,2023,123,100%,0%,96,approved,Observed/administrative,low,internationally_reconciled,eligible after trust gate,Customs transaction records standardized by the United Nations and cross-checkable against trading-partner records.
Highest nurse and midwife density,Healthcare,HWF_0006,WHO,78,2022,140,—,—,84,approved,Mixed observed and modeled,medium,internationally_reconciled,eligible after trust gate,"WHO-standardized health, survey, administrative, and modeled estimates with published methods."
Highest average rainfall,Climate,AG.LND.PRCP.MM,World Bank,78,2022,179,—,—,86,approved,Internationally harmonized,medium,internationally_reconciled,eligible after trust gate,World Development Indicators compiled from recognized international sources with documented metadata.
Highest vocational enrollment share,Education,GTVP.2T3.V,UNESCO UIS,78,2023,124,100%,0%,80,caution,Observed/administrative,medium,internationally_reconciled,eligible after trust gate,"UIS harmonizes national administrative and survey data, but definitions and measurement capacity can vary across countries."
Most air freight,Transport,IS.AIR.GOOD.MT.K1,World Bank,78,2023,140,—,—,86,approved,Internationally harmonized,medium,internationally_reconciled,eligible after trust gate,World Development Indicators compiled from recognized international sources with documented metadata.
Lowest working-poverty rate,Labor,SDG_0111_SEX_AGE_RT_A,ILOSTAT,78,2025,113,—,90%,83,approved,Modeled estimate,medium,internationally_reconciled,eligible after trust gate,ILO-harmonized labor-force surveys and modeled estimates under international statistical standards.
Largest tea exports,Trade,0902,UN Comtrade,76,2022,144,100%,0%,96,approved,Observed/administrative,low,internationally_reconciled,eligible after trust gate,Customs transaction records standardized by the United Nations and cross-checkable against trading-partner records.
Largest crude-oil exports,Trade,2709,UN Comtrade,74,2023,101,100%,0%,96,approved,Observed/administrative,low,internationally_reconciled,eligible after trust gate,Customs transaction records standardized by the United Nations and cross-checkable against trading-partner records.
Largest cocoa-bean exports,Trade,1801,UN Comtrade,74,2023,99,100%,0%,96,approved,Observed/administrative,low,internationally_reconciled,eligible after trust gate,Customs transaction records standardized by the United Nations and cross-checkable against trading-partner records.
Most international students hosted,Education,26637,UNESCO UIS,73,2023,99,100%,0%,80,caution,Observed/administrative,medium,internationally_reconciled,eligible after trust gate,"UIS harmonizes national administrative and survey data, but definitions and measurement capacity can vary across countries."
Highest school computer access,Technology,SCHBSP.1.WCOMPUT,UNESCO UIS,72,2023,124,100%,0%,80,caution,Observed/administrative,medium,internationally_reconciled,eligible after trust gate,"UIS harmonizes national administrative and survey data, but definitions and measurement capacity can vary across countries."
Highest outbound student mobility,Education,MOR.5T8.40505,UNESCO UIS,72,2023,95,0%,100%,80,caution,Modeled estimate,medium,internationally_reconciled,eligible after trust gate,"UIS harmonizes national administrative and survey data, but definitions and measurement capacity can vary across countries."
Highest STEM graduate share,Education,FOSGP.5T8.F500600700,UNESCO UIS,72,2023,95,100%,0%,80,caution,Observed/administrative,medium,internationally_reconciled,eligible after trust gate,"UIS harmonizes national administrative and survey data, but definitions and measurement capacity can vary across countries."
Lowest malaria incidence,Disease,MALARIA_EST_INCIDENCE,WHO,71,2024,105,0%,100%,84,approved,Modeled estimate,medium,internationally_reconciled,eligible after trust gate,"WHO-standardized health, survey, administrative, and modeled estimates with published methods."
Most refugees returned home,Displacement,solutions:coo:returned_refugees,UNHCR,69,2024,78,100%,0%,60,quarantined,Observed/administrative,high,needs_corroboration,quarantined,"Excluded because the current category quality, coverage, stability, or clustering score is below the v13.5 trust floor."
Highest school internet access,Technology,SCHBSP.1.WINTERN,UNESCO UIS,68,2023,103,100%,0%,55,quarantined,Observed/administrative,high,needs_corroboration,quarantined,"Excluded because the current category quality, coverage, stability, or clustering score is below the v13.5 trust floor."
Lowest youth NEET rate,Labor,EIP_NEET_SEX_RT_A,ILOSTAT,67,2022,112,—,—,55,quarantined,Modeled estimate,high,needs_corroboration,quarantined,"Excluded because the current category quality, coverage, stability, or clustering score is below the v13.5 trust floor."
Largest wheat exports,Trade,1001,UN Comtrade,67,2022,105,100%,0%,60,quarantined,Observed/administrative,high,needs_corroboration,quarantined,"Excluded because the current category quality, coverage, stability, or clustering score is below the v13.5 trust floor."
Most researchers per million people,Science,RESDEN.INHAB.TFTE,UNESCO UIS,65,2022,80,100%,0%,60,quarantined,Observed/administrative,high,needs_corroboration,quarantined,"Excluded because the current category quality, coverage, stability, or clustering score is below the v13.5 trust floor."
Lowest informal-employment rate,Labor,EMP_NIFL_SEX_RT_A,ILOSTAT,64,2023,79,—,—,55,quarantined,Modeled estimate,high,needs_corroboration,quarantined,"Excluded because the current category quality, coverage, stability, or clustering score is below the v13.5 trust floor."
Highest share of women in management,Labor,SDG_0552_NOC_RT_A,ILOSTAT,63,2022,94,—,—,55,quarantined,Modeled estimate,high,needs_corroboration,quarantined,"Excluded because the current category quality, coverage, stability, or clustering score is below the v13.5 trust floor."
Longest average working week,Labor,HOW_UEES_SEX_NB_A,ILOSTAT,62,2022,89,—,—,55,quarantined,Modeled estimate,high,needs_corroboration,quarantined,"Excluded because the current category quality, coverage, stability, or clustering score is below the v13.5 trust floor."
Highest lower-secondary reading proficiency,Education,READ.LOWERSEC,UNESCO UIS,60,2022,77,100%,0%,55,quarantined,Observed/administrative,high,needs_corroboration,quarantined,"Excluded because the current category quality, coverage, stability, or clustering score is below the v13.5 trust floor."
Highest lower-secondary mathematics proficiency,Education,MATH.LOWERSEC,UNESCO UIS,58,2022,68,100%,0%,55,quarantined,Observed/administrative,high,needs_corroboration,quarantined,"Excluded because the current category quality, coverage, stability, or clustering score is below the v13.5 trust floor."
Lowest youth unemployment rate,Labor,UNE_3EAP_SEX_AGE_DSB_RT_A,ILOSTAT,57,2022,65,—,90%,60,quarantined,Modeled estimate,high,needs_corroboration,quarantined,"Excluded because the current category quality, coverage, stability, or clustering score is below the v13.5 trust floor."
