metric,animalId,value,n,min,max,sourceLocator,notes
pet_dog_adult_mass,dog_labrador_retriever,31.6,,,,Table 1; Labrador Retriever; adult bodyweight—median,"Both sexes; original source breed label Labrador Retriever. Count 154222 is total cohort membership, NOT weight-endpoint sample size. No confidence interval for this median is reported."
pet_dog_popularity,dog_labrador_retriever,154222,154222,,,Table 1; Labrador Retriever; Freq.,Exact 2019 cohort count. No extrapolation to dogs outside participating veterinary practices.
pet_dog_adult_mass,dog_english_cocker_spaniel,14.9,,,,Table 1; English Cocker Spaniel; adult bodyweight—median,"Both sexes; original source breed label English Cocker Spaniel. Count 96824 is total cohort membership, NOT weight-endpoint sample size. No confidence interval for this median is reported."
pet_dog_popularity,dog_english_cocker_spaniel,96824,96824,,,Table 1; English Cocker Spaniel; Freq.,Exact 2019 cohort count. No extrapolation to dogs outside participating veterinary practices.
pet_dog_adult_mass,dog_staffordshire_bull_terrier,20.6,,,,Table 1; Staffordshire Bull Terrier; adult bodyweight—median,"Both sexes; original source breed label Staffordshire Bull Terrier. Count 93883 is total cohort membership, NOT weight-endpoint sample size. No confidence interval for this median is reported."
pet_dog_popularity,dog_staffordshire_bull_terrier,93883,93883,,,Table 1; Staffordshire Bull Terrier; Freq.,Exact 2019 cohort count. No extrapolation to dogs outside participating veterinary practices.
pet_dog_adult_mass,dog_chihuahua,3.8,,,,Table 1; Chihuahua; adult bodyweight—median,"Both sexes; original source breed label Chihuahua. Count 80609 is total cohort membership, NOT weight-endpoint sample size. No confidence interval for this median is reported."
pet_dog_popularity,dog_chihuahua,80609,80609,,,Table 1; Chihuahua; Freq.,Exact 2019 cohort count. No extrapolation to dogs outside participating veterinary practices.
pet_dog_adult_mass,dog_shih_tzu,8.0,,,,Table 1; Shih-tzu; adult bodyweight—median,"Both sexes; original source breed label Shih-tzu. Count 67368 is total cohort membership, NOT weight-endpoint sample size. No confidence interval for this median is reported."
pet_dog_popularity,dog_shih_tzu,67368,67368,,,Table 1; Shih-tzu; Freq.,Exact 2019 cohort count. No extrapolation to dogs outside participating veterinary practices.
pet_dog_adult_mass,dog_french_bulldog,12.9,,,,Table 1; French Bulldog; adult bodyweight—median,"Both sexes; original source breed label French Bulldog. Count 66997 is total cohort membership, NOT weight-endpoint sample size. No confidence interval for this median is reported."
pet_dog_popularity,dog_french_bulldog,66997,66997,,,Table 1; French Bulldog; Freq.,Exact 2019 cohort count. No extrapolation to dogs outside participating veterinary practices.
pet_dog_adult_mass,dog_border_collie,21.0,,,,Table 1; Border Collie; adult bodyweight—median,"Both sexes; original source breed label Border Collie. Count 61802 is total cohort membership, NOT weight-endpoint sample size. No confidence interval for this median is reported."
pet_dog_popularity,dog_border_collie,61802,61802,,,Table 1; Border Collie; Freq.,Exact 2019 cohort count. No extrapolation to dogs outside participating veterinary practices.
pet_dog_adult_mass,dog_yorkshire_terrier,5.1,,,,Table 1; Yorkshire Terrier; adult bodyweight—median,"Both sexes; original source breed label Yorkshire Terrier. Count 53246 is total cohort membership, NOT weight-endpoint sample size. No confidence interval for this median is reported."
pet_dog_popularity,dog_yorkshire_terrier,53246,53246,,,Table 1; Yorkshire Terrier; Freq.,Exact 2019 cohort count. No extrapolation to dogs outside participating veterinary practices.
pet_dog_adult_mass,dog_english_springer_spaniel,20.0,,,,Table 1; English Springer Spaniel; adult bodyweight—median,"Both sexes; original source breed label English Springer Spaniel. Count 51802 is total cohort membership, NOT weight-endpoint sample size. No confidence interval for this median is reported."
pet_dog_popularity,dog_english_springer_spaniel,51802,51802,,,Table 1; English Springer Spaniel; Freq.,Exact 2019 cohort count. No extrapolation to dogs outside participating veterinary practices.
pet_dog_adult_mass,dog_german_shepherd,35.9,,,,Table 1; German Shepherd Dog; adult bodyweight—median,"Both sexes; original source breed label German Shepherd Dog. Count 47407 is total cohort membership, NOT weight-endpoint sample size. No confidence interval for this median is reported."
pet_dog_popularity,dog_german_shepherd,47407,47407,,,Table 1; German Shepherd Dog; Freq.,Exact 2019 cohort count. No extrapolation to dogs outside participating veterinary practices.
pet_dog_adult_mass,dog_pug,9.2,,,,Table 1; Pug; adult bodyweight—median,"Both sexes; original source breed label Pug. Count 40509 is total cohort membership, NOT weight-endpoint sample size. No confidence interval for this median is reported."
pet_dog_popularity,dog_pug,40509,40509,,,Table 1; Pug; Freq.,Exact 2019 cohort count. No extrapolation to dogs outside participating veterinary practices.
pet_dog_adult_mass,dog_west_highland_white_terrier,9.5,,,,Table 1; West Highland White Terrier; adult bodyweight—median,"Both sexes; original source breed label West Highland White Terrier. Count 35814 is total cohort membership, NOT weight-endpoint sample size. No confidence interval for this median is reported."
pet_dog_popularity,dog_west_highland_white_terrier,35814,35814,,,Table 1; West Highland White Terrier; Freq.,Exact 2019 cohort count. No extrapolation to dogs outside participating veterinary practices.
pet_dog_adult_mass,dog_cavalier_king_charles_spaniel,10.4,,,,Table 1; Cavalier King Charles Spaniel; adult bodyweight—median,"Both sexes; original source breed label Cavalier King Charles Spaniel. Count 35240 is total cohort membership, NOT weight-endpoint sample size. No confidence interval for this median is reported."
pet_dog_popularity,dog_cavalier_king_charles_spaniel,35240,35240,,,Table 1; Cavalier King Charles Spaniel; Freq.,Exact 2019 cohort count. No extrapolation to dogs outside participating veterinary practices.
pet_dog_adult_mass,dog_golden_retriever,33.5,,,,Table 1; Golden Retriever; adult bodyweight—median,"Both sexes; original source breed label Golden Retriever. Count 27491 is total cohort membership, NOT weight-endpoint sample size. No confidence interval for this median is reported."
pet_dog_popularity,dog_golden_retriever,27491,27491,,,Table 1; Golden Retriever; Freq.,Exact 2019 cohort count. No extrapolation to dogs outside participating veterinary practices.
pet_dog_adult_mass,dog_bichon_frise,8.3,,,,Table 1; Bichon Frise; adult bodyweight—median,"Both sexes; original source breed label Bichon Frise. Count 25162 is total cohort membership, NOT weight-endpoint sample size. No confidence interval for this median is reported."
pet_dog_popularity,dog_bichon_frise,25162,25162,,,Table 1; Bichon Frise; Freq.,Exact 2019 cohort count. No extrapolation to dogs outside participating veterinary practices.
pet_dog_adult_mass,dog_miniature_dachshund,6.4,,,,Table 1; Miniature Dachshund; adult bodyweight—median,"Both sexes; original source breed label Miniature Dachshund. Count 24831 is total cohort membership, NOT weight-endpoint sample size. No confidence interval for this median is reported."
pet_dog_popularity,dog_miniature_dachshund,24831,24831,,,Table 1; Miniature Dachshund; Freq.,Exact 2019 cohort count. No extrapolation to dogs outside participating veterinary practices.
pet_dog_adult_mass,dog_border_terrier,9.9,,,,Table 1; Border Terrier; adult bodyweight—median,"Both sexes; original source breed label Border Terrier. Count 24697 is total cohort membership, NOT weight-endpoint sample size. No confidence interval for this median is reported."
pet_dog_popularity,dog_border_terrier,24697,24697,,,Table 1; Border Terrier; Freq.,Exact 2019 cohort count. No extrapolation to dogs outside participating veterinary practices.
pet_dog_adult_mass,dog_miniature_schnauzer,9.6,,,,Table 1; Miniature Schnauzer; adult bodyweight—median,"Both sexes; original source breed label Miniature Schnauzer. Count 21154 is total cohort membership, NOT weight-endpoint sample size. No confidence interval for this median is reported."
pet_dog_popularity,dog_miniature_schnauzer,21154,21154,,,Table 1; Miniature Schnauzer; Freq.,Exact 2019 cohort count. No extrapolation to dogs outside participating veterinary practices.
pet_dog_adult_mass,dog_beagle,18.0,,,,Table 1; Beagle; adult bodyweight—median,"Both sexes; original source breed label Beagle. Count 20229 is total cohort membership, NOT weight-endpoint sample size. No confidence interval for this median is reported."
pet_dog_popularity,dog_beagle,20229,20229,,,Table 1; Beagle; Freq.,Exact 2019 cohort count. No extrapolation to dogs outside participating veterinary practices.
pet_dog_adult_mass,dog_boxer,30.3,,,,Table 1; Boxer; adult bodyweight—median,"Both sexes; original source breed label Boxer. Count 17572 is total cohort membership, NOT weight-endpoint sample size. No confidence interval for this median is reported."
pet_dog_popularity,dog_boxer,17572,17572,,,Table 1; Boxer; Freq.,Exact 2019 cohort count. No extrapolation to dogs outside participating veterinary practices.
pet_dog_adult_mass,dog_pomeranian,5.4,,,,Table 1; Pomeranian; adult bodyweight—median,"Both sexes; original source breed label Pomeranian. Count 14844 is total cohort membership, NOT weight-endpoint sample size. No confidence interval for this median is reported."
pet_dog_popularity,dog_pomeranian,14844,14844,,,Table 1; Pomeranian; Freq.,Exact 2019 cohort count. No extrapolation to dogs outside participating veterinary practices.
pet_dog_adult_mass,dog_rottweiler,42.3,,,,Table 1; Rottweiler; adult bodyweight—median,"Both sexes; original source breed label Rottweiler. Count 13203 is total cohort membership, NOT weight-endpoint sample size. No confidence interval for this median is reported."
pet_dog_popularity,dog_rottweiler,13203,13203,,,Table 1; Rottweiler; Freq.,Exact 2019 cohort count. No extrapolation to dogs outside participating veterinary practices.
pet_dog_adult_mass,dog_whippet,14.5,,,,Table 1; Whippet; adult bodyweight—median,"Both sexes; original source breed label Whippet. Count 12765 is total cohort membership, NOT weight-endpoint sample size. No confidence interval for this median is reported."
pet_dog_popularity,dog_whippet,12765,12765,,,Table 1; Whippet; Freq.,Exact 2019 cohort count. No extrapolation to dogs outside participating veterinary practices.
pet_dog_adult_mass,dog_greyhound,29.7,,,,Table 1; Greyhound; adult bodyweight—median,"Both sexes; original source breed label Greyhound. Count 12640 is total cohort membership, NOT weight-endpoint sample size. No confidence interval for this median is reported."
pet_dog_popularity,dog_greyhound,12640,12640,,,Table 1; Greyhound; Freq.,Exact 2019 cohort count. No extrapolation to dogs outside participating veterinary practices.
pet_dog_adult_mass,dog_toy_poodle,5.1,,,,Table 1; Toy Poodle; adult bodyweight—median,"Both sexes; original source breed label Toy Poodle. Count 8601 is total cohort membership, NOT weight-endpoint sample size. No confidence interval for this median is reported."
pet_dog_popularity,dog_toy_poodle,8601,8601,,,Table 1; Toy Poodle; Freq.,Exact 2019 cohort count. No extrapolation to dogs outside participating veterinary practices.
pet_dog_adult_mass,dog_maltese,4.6,,,,Table 1; Maltese; adult bodyweight—median,"Both sexes; original source breed label Maltese. Count 8488 is total cohort membership, NOT weight-endpoint sample size. No confidence interval for this median is reported."
pet_dog_popularity,dog_maltese,8488,8488,,,Table 1; Maltese; Freq.,Exact 2019 cohort count. No extrapolation to dogs outside participating veterinary practices.
pet_cat_adult_mass,cat_abyssinian,2.8,9,,,Table 1; Females; Abyssinian,"Mean of N=9 females; SD=0.37 kg describes individual variation, not uncertainty of the mean. Birman maps exactly to source Sacred Birman; Norwegian Forest to Norwegian Forest Cat; Siberian to Siberian Cat. No pooled sexes, midpoints or missing values inferred."
pet_cat_adult_mass,cat_russian_blue,2.9,16,,,Table 1; Females; Russian Blue,"Mean of N=16 females; SD=0.38 kg describes individual variation, not uncertainty of the mean. Birman maps exactly to source Sacred Birman; Norwegian Forest to Norwegian Forest Cat; Siberian to Siberian Cat. No pooled sexes, midpoints or missing values inferred."
pet_cat_adult_mass,cat_exotic_shorthair,2.9,5,,,Table 1; Females; Exotic Shorthair,"Mean of N=5 females; SD=0.45 kg describes individual variation, not uncertainty of the mean. Birman maps exactly to source Sacred Birman; Norwegian Forest to Norwegian Forest Cat; Siberian to Siberian Cat. No pooled sexes, midpoints or missing values inferred."
pet_cat_adult_mass,cat_somali,3.1,6,,,Table 1; Females; Somali,"Mean of N=6 females; SD=0.48 kg describes individual variation, not uncertainty of the mean. Birman maps exactly to source Sacred Birman; Norwegian Forest to Norwegian Forest Cat; Siberian to Siberian Cat. No pooled sexes, midpoints or missing values inferred."
pet_cat_adult_mass,cat_persian,3.1,29,,,Table 1; Females; Persian,"Mean of N=29 females; SD=0.55 kg describes individual variation, not uncertainty of the mean. Birman maps exactly to source Sacred Birman; Norwegian Forest to Norwegian Forest Cat; Siberian to Siberian Cat. No pooled sexes, midpoints or missing values inferred."
pet_cat_adult_mass,cat_birman,3.5,36,,,Table 1; Females; Birman,"Mean of N=36 females; SD=0.87 kg describes individual variation, not uncertainty of the mean. Birman maps exactly to source Sacred Birman; Norwegian Forest to Norwegian Forest Cat; Siberian to Siberian Cat. No pooled sexes, midpoints or missing values inferred."
pet_cat_adult_mass,cat_british_shorthair,3.6,10,,,Table 1; Females; British Shorthair,"Mean of N=10 females; SD=0.83 kg describes individual variation, not uncertainty of the mean. Birman maps exactly to source Sacred Birman; Norwegian Forest to Norwegian Forest Cat; Siberian to Siberian Cat. No pooled sexes, midpoints or missing values inferred."
pet_cat_adult_mass,cat_norwegian_forest,3.9,34,,,Table 1; Females; Norwegian Forest,"Mean of N=34 females; SD=0.56 kg describes individual variation, not uncertainty of the mean. Birman maps exactly to source Sacred Birman; Norwegian Forest to Norwegian Forest Cat; Siberian to Siberian Cat. No pooled sexes, midpoints or missing values inferred."
pet_cat_adult_mass,cat_siberian,4.1,8,,,Table 1; Females; Siberian,"Mean of N=8 females; SD=0.83 kg describes individual variation, not uncertainty of the mean. Birman maps exactly to source Sacred Birman; Norwegian Forest to Norwegian Forest Cat; Siberian to Siberian Cat. No pooled sexes, midpoints or missing values inferred."
pet_cat_adult_mass,cat_ragdoll,4.2,7,,,Table 1; Females; Ragdoll,"Mean of N=7 females; SD=1.26 kg describes individual variation, not uncertainty of the mean. Birman maps exactly to source Sacred Birman; Norwegian Forest to Norwegian Forest Cat; Siberian to Siberian Cat. No pooled sexes, midpoints or missing values inferred."
pet_cat_adult_mass,cat_maine_coon,4.8,22,,,Table 1; Females; Maine Coon,"Mean of N=22 females; SD=1 kg describes individual variation, not uncertainty of the mean. Birman maps exactly to source Sacred Birman; Norwegian Forest to Norwegian Forest Cat; Siberian to Siberian Cat. No pooled sexes, midpoints or missing values inferred."
pet_cat_litter,cat_persian,3.4,,,,Table 2; Persian; mean litter size (kittens born),Published mean; SD=1.6 kittens. Source oestrus count 1940 is not a litter or kitten sample size and is not used as one. Source Norwegian maps to Norwegian Forest; Abyssin to Abyssinian. No predictions used.
pet_cat_litter,cat_maine_coon,4.5,,,,Table 2; Maine Coon; mean litter size (kittens born),Published mean; SD=2.2 kittens. Source oestrus count 1838 is not a litter or kitten sample size and is not used as one. Source Norwegian maps to Norwegian Forest; Abyssin to Abyssinian. No predictions used.
pet_cat_litter,cat_birman,3.7,,,,Table 2; Birman; mean litter size (kittens born),Published mean; SD=1.6 kittens. Source oestrus count 1077 is not a litter or kitten sample size and is not used as one. Source Norwegian maps to Norwegian Forest; Abyssin to Abyssinian. No predictions used.
pet_cat_litter,cat_british_shorthair,4.1,,,,Table 2; British Shorthair; mean litter size (kittens born),Published mean; SD=1.9 kittens. Source oestrus count 870 is not a litter or kitten sample size and is not used as one. Source Norwegian maps to Norwegian Forest; Abyssin to Abyssinian. No predictions used.
pet_cat_litter,cat_norwegian_forest,4.2,,,,Table 2; Norwegian Forest; mean litter size (kittens born),Published mean; SD=1.8 kittens. Source oestrus count 455 is not a litter or kitten sample size and is not used as one. Source Norwegian maps to Norwegian Forest; Abyssin to Abyssinian. No predictions used.
pet_cat_litter,cat_bengal,4.1,,,,Table 2; Bengal; mean litter size (kittens born),Published mean; SD=1.9 kittens. Source oestrus count 444 is not a litter or kitten sample size and is not used as one. Source Norwegian maps to Norwegian Forest; Abyssin to Abyssinian. No predictions used.
pet_cat_litter,cat_ragdoll,4.5,,,,Table 2; Ragdoll; mean litter size (kittens born),Published mean; SD=1.8 kittens. Source oestrus count 334 is not a litter or kitten sample size and is not used as one. Source Norwegian maps to Norwegian Forest; Abyssin to Abyssinian. No predictions used.
pet_cat_litter,cat_exotic_shorthair,3.3,,,,Table 2; Exotic Shorthair; mean litter size (kittens born),Published mean; SD=1.5 kittens. Source oestrus count 285 is not a litter or kitten sample size and is not used as one. Source Norwegian maps to Norwegian Forest; Abyssin to Abyssinian. No predictions used.
pet_cat_litter,cat_sphynx,4,,,,Table 2; Sphynx; mean litter size (kittens born),Published mean; SD=1.9 kittens. Source oestrus count 166 is not a litter or kitten sample size and is not used as one. Source Norwegian maps to Norwegian Forest; Abyssin to Abyssinian. No predictions used.
pet_cat_litter,cat_siamese,4.2,,,,Table 2; Siamese; mean litter size (kittens born),Published mean; SD=1.9 kittens. Source oestrus count 128 is not a litter or kitten sample size and is not used as one. Source Norwegian maps to Norwegian Forest; Abyssin to Abyssinian. No predictions used.
pet_cat_litter,cat_siberian,4.5,,,,Table 2; Siberian; mean litter size (kittens born),Published mean; SD=1.9 kittens. Source oestrus count 89 is not a litter or kitten sample size and is not used as one. Source Norwegian maps to Norwegian Forest; Abyssin to Abyssinian. No predictions used.
pet_cat_litter,cat_abyssinian,3.6,,,,Table 2; Abyssinian; mean litter size (kittens born),Published mean; SD=2.7 kittens. Source oestrus count 65 is not a litter or kitten sample size and is not used as one. Source Norwegian maps to Norwegian Forest; Abyssin to Abyssinian. No predictions used.
pet_cat_litter,cat_somali,3.4,,,,Table 2; Somali; mean litter size (kittens born),Published mean; SD=1.4 kittens. Source oestrus count 40 is not a litter or kitten sample size and is not used as one. Source Norwegian maps to Norwegian Forest; Abyssin to Abyssinian. No predictions used.
pet_cat_litter,cat_russian_blue,3.8,,,,Table 2; Russian Blue; mean litter size (kittens born),Published mean; SD=1.6 kittens. Source oestrus count 26 is not a litter or kitten sample size and is not used as one. Source Norwegian maps to Norwegian Forest; Abyssin to Abyssinian. No predictions used.
pet_cat_litter,cat_burmese,4.6,,,,Table 2; Burmese; mean litter size (kittens born),Published mean; SD=2.6 kittens. Source oestrus count 15 is not a litter or kitten sample size and is not used as one. Source Norwegian maps to Norwegian Forest; Abyssin to Abyssinian. No predictions used.
pet_cat_lifespan,cat_birman,16.1,12,,,Table 1; Birman; Median (years),"N=12 deceased cats; individual IQR 8.1–16.9 years is not a confidence interval. Cohort median exactly as published; no fitted model, projection or anecdotal record."
pet_cat_lifespan,cat_burmese,14.3,31,,,Table 1; Burmese; Median (years),"N=31 deceased cats; individual IQR 10.0–17.0 years is not a confidence interval. Cohort median exactly as published; no fitted model, projection or anecdotal record."
pet_cat_lifespan,cat_siamese,14.2,31,,,Table 1; Siamese; Median (years),"N=31 deceased cats; individual IQR 10.8–19.0 years is not a confidence interval. Cohort median exactly as published; no fitted model, projection or anecdotal record."
pet_cat_lifespan,cat_persian,14.1,70,,,Table 1; Persian; Median (years),"N=70 deceased cats; individual IQR 12.0–17.0 years is not a confidence interval. Cohort median exactly as published; no fitted model, projection or anecdotal record."
pet_cat_lifespan,cat_british_shorthair,11.8,69,,,Table 1; British Shorthair; Median (years),"N=69 deceased cats; individual IQR 5.8–16.3 years is not a confidence interval. Cohort median exactly as published; no fitted model, projection or anecdotal record."
pet_cat_lifespan,cat_maine_coon,11,14,,,Table 1; Maine Coon; Median (years),"N=14 deceased cats; individual IQR 4.0–15.5 years is not a confidence interval. Cohort median exactly as published; no fitted model, projection or anecdotal record."
pet_cat_lifespan,cat_ragdoll,10.1,21,,,Table 1; Ragdoll; Median (years),"N=21 deceased cats; individual IQR 0.9–14.8 years is not a confidence interval. Cohort median exactly as published; no fitted model, projection or anecdotal record."
pet_cat_lifespan,cat_abyssinian,10,11,,,Table 1; Abyssinian; Median (years),"N=11 deceased cats; individual IQR 1.1–18.1 years is not a confidence interval. Cohort median exactly as published; no fitted model, projection or anecdotal record."
pet_cat_lifespan,cat_bengal,7.3,15,,,Table 1; Bengal; Median (years),"N=15 deceased cats; individual IQR 2.2–11.5 years is not a confidence interval. Cohort median exactly as published; no fitted model, projection or anecdotal record."
pet_cat_popularity,cat_british_shorthair,5873,5873,,,Registered Cats by Breed 2024–2025; Registered cats 2025; British Shorthair,Exact registry count. Russian is excluded because it includes other colours/breeds; Exotic and Somali hair varieties are not silently relabelled.
pet_cat_popularity,cat_ragdoll,3111,3111,,,Registered Cats by Breed 2024–2025; Registered cats 2025; Ragdoll,Exact registry count. Russian is excluded because it includes other colours/breeds; Exotic and Somali hair varieties are not silently relabelled.
pet_cat_popularity,cat_maine_coon,2324,2324,,,Registered Cats by Breed 2024–2025; Registered cats 2025; Maine Coon,Exact registry count. Russian is excluded because it includes other colours/breeds; Exotic and Somali hair varieties are not silently relabelled.
pet_cat_popularity,cat_siamese,860,860,,,Registered Cats by Breed 2024–2025; Registered cats 2025; Siamese,Exact registry count. Russian is excluded because it includes other colours/breeds; Exotic and Somali hair varieties are not silently relabelled.
pet_cat_popularity,cat_burmese,805,805,,,Registered Cats by Breed 2024–2025; Registered cats 2025; Burmese,Exact registry count. Russian is excluded because it includes other colours/breeds; Exotic and Somali hair varieties are not silently relabelled.
pet_cat_popularity,cat_persian,359,359,,,Registered Cats by Breed 2024–2025; Registered cats 2025; Persian,Exact registry count. Russian is excluded because it includes other colours/breeds; Exotic and Somali hair varieties are not silently relabelled.
pet_cat_popularity,cat_siberian,321,321,,,Registered Cats by Breed 2024–2025; Registered cats 2025; Siberian,Exact registry count. Russian is excluded because it includes other colours/breeds; Exotic and Somali hair varieties are not silently relabelled.
pet_cat_popularity,cat_birman,260,260,,,Registered Cats by Breed 2024–2025; Registered cats 2025; Birman,Exact registry count. Russian is excluded because it includes other colours/breeds; Exotic and Somali hair varieties are not silently relabelled.
pet_cat_popularity,cat_norwegian_forest,201,201,,,Registered Cats by Breed 2024–2025; Registered cats 2025; Norwegian Forest,Exact registry count. Russian is excluded because it includes other colours/breeds; Exotic and Somali hair varieties are not silently relabelled.
pet_cat_popularity,cat_abyssinian,186,186,,,Registered Cats by Breed 2024–2025; Registered cats 2025; Abyssinian,Exact registry count. Russian is excluded because it includes other colours/breeds; Exotic and Somali hair varieties are not silently relabelled.
pet_cat_popularity,cat_sphynx,113,113,,,Registered Cats by Breed 2024–2025; Registered cats 2025; Sphynx,Exact registry count. Russian is excluded because it includes other colours/breeds; Exotic and Somali hair varieties are not silently relabelled.
pet_cat_popularity,cat_bengal,86,86,,,Registered Cats by Breed 2024–2025; Registered cats 2025; Bengal,Exact registry count. Russian is excluded because it includes other colours/breeds; Exotic and Somali hair varieties are not silently relabelled.
pet_dog_lifespan,dog_labrador_retriever,138.0,728,134.14,141.86,Table 1; Labrador Retriever; median months and 95% CI,"N=728; individual IQR 94–160 months; source approximate 95% CI half-width 3.86 months. Bounds are arithmetic reconstruction of the reported interval, not a new prediction."
pet_dog_lifespan,dog_golden_retriever,141.0,373,136.09,145.91,Table 1; Golden Retriever; median months and 95% CI,"N=373; individual IQR 102–162 months; source approximate 95% CI half-width 4.91 months. Bounds are arithmetic reconstruction of the reported interval, not a new prediction."
pet_dog_lifespan,dog_english_cocker_spaniel,129.0,266,121.93,136.07,Table 1; Cocker Spaniel; median months and 95% CI,"N=266; individual IQR 82–155 months; source approximate 95% CI half-width 7.07 months. Bounds are arithmetic reconstruction of the reported interval, not a new prediction."
pet_dog_lifespan,dog_english_springer_spaniel,135.5,224,127.32,143.68,Table 1; English Springer Spaniel; median months and 95% CI,"N=224; individual IQR 87.5–165 months; source approximate 95% CI half-width 8.18 months. Bounds are arithmetic reconstruction of the reported interval, not a new prediction."
pet_dog_lifespan,dog_cavalier_king_charles_spaniel,117.0,222,111.17,122.83,Table 1; Cavalier King Charles Spaniel; median months and 95% CI,"N=222; individual IQR 90–145 months; source approximate 95% CI half-width 5.83 months. Bounds are arithmetic reconstruction of the reported interval, not a new prediction."
pet_dog_lifespan,dog_boxer,105.5,170,99.08,111.92,Table 1; Boxer; median months and 95% CI,"N=170; individual IQR 78–131 months; source approximate 95% CI half-width 6.42 months. Bounds are arithmetic reconstruction of the reported interval, not a new prediction."
pet_dog_lifespan,dog_border_collie,143.0,119,134.09,151.91,Table 1; Border Collie; median months and 95% CI,"N=119; individual IQR 107.5–169 months; source approximate 95% CI half-width 8.91 months. Bounds are arithmetic reconstruction of the reported interval, not a new prediction."
pet_dog_lifespan,dog_border_terrier,145.0,98,133.19,156.81,Table 1; Border Terrier; median months and 95% CI,"N=98; individual IQR 97–171 months; source approximate 95% CI half-width 11.81 months. Bounds are arithmetic reconstruction of the reported interval, not a new prediction."
pet_dog_lifespan,dog_west_highland_white_terrier,152.5,96,142.1,162.9,Table 1; West Highland White Terrier; median months and 95% CI,"N=96; individual IQR 110.5–175 months; source approximate 95% CI half-width 10.4 months. Bounds are arithmetic reconstruction of the reported interval, not a new prediction."
pet_dog_lifespan,dog_miniature_schnauzer,118.5,76,102.82,134.18,Table 1; Miniature Schnauzer; median months and 95% CI,"N=76; individual IQR 72.5–159 months; source approximate 95% CI half-width 15.68 months. Bounds are arithmetic reconstruction of the reported interval, not a new prediction."
pet_dog_lifespan,dog_rottweiler,100.5,76,90.98,110.02,Table 1; Rottweiler; median months and 95% CI,"N=76; individual IQR 75–127.5 months; source approximate 95% CI half-width 9.52 months. Bounds are arithmetic reconstruction of the reported interval, not a new prediction."
pet_dog_lifespan,dog_staffordshire_bull_terrier,130.0,71,118.7,141.3,Table 1; Staffordshire Bull Terrier; median months and 95% CI,"N=71; individual IQR 100.25–160.5 months; source approximate 95% CI half-width 11.3 months. Bounds are arithmetic reconstruction of the reported interval, not a new prediction."
pet_dog_lifespan,dog_whippet,118.0,55,104.26,131.74,Table 1; Whippet; median months and 95% CI,"N=55; individual IQR 81.5–146 months; source approximate 95% CI half-width 13.74 months. Bounds are arithmetic reconstruction of the reported interval, not a new prediction."
pet_dog_litter,dog_golden_retriever,7.5,291,7.3,7.7,"Table 1; Golden Retriever; n, Mean, SEM","N=291 registered litters; SEM=0.2 puppies. Bounds are mean ± published SEM, not 95% confidence limits. Individual litters vary; no breed size midpoints or model predictions used."
pet_dog_litter,dog_rottweiler,7.4,214,7.2,7.6,"Table 1; Rottweiler; n, Mean, SEM","N=214 registered litters; SEM=0.2 puppies. Bounds are mean ± published SEM, not 95% confidence limits. Individual litters vary; no breed size midpoints or model predictions used."
pet_dog_litter,dog_english_springer_spaniel,7.3,74,7.0,7.6,"Table 1; English Springer Spaniel; n, Mean, SEM","N=74 registered litters; SEM=0.3 puppies. Bounds are mean ± published SEM, not 95% confidence limits. Individual litters vary; no breed size midpoints or model predictions used."
pet_dog_litter,dog_labrador_retriever,6.9,223,6.7,7.1,"Table 1; Labrador Retriever; n, Mean, SEM","N=223 registered litters; SEM=0.2 puppies. Bounds are mean ± published SEM, not 95% confidence limits. Individual litters vary; no breed size midpoints or model predictions used."
pet_dog_litter,dog_boxer,6.6,139,6.4,6.8,"Table 1; Boxer; n, Mean, SEM","N=139 registered litters; SEM=0.2 puppies. Bounds are mean ± published SEM, not 95% confidence limits. Individual litters vary; no breed size midpoints or model predictions used."
pet_dog_litter,dog_whippet,6.1,47,5.8,6.4,"Table 1; Whippet; n, Mean, SEM","N=47 registered litters; SEM=0.3 puppies. Bounds are mean ± published SEM, not 95% confidence limits. Individual litters vary; no breed size midpoints or model predictions used."
pet_dog_litter,dog_german_shepherd,6.1,465,6.0,6.2,"Table 1; German Shepherd; n, Mean, SEM","N=465 registered litters; SEM=0.1 puppies. Bounds are mean ± published SEM, not 95% confidence limits. Individual litters vary; no breed size midpoints or model predictions used."
pet_dog_litter,dog_border_collie,6,323,5.9,6.1,"Table 1; Border Collie; n, Mean, SEM","N=323 registered litters; SEM=0.1 puppies. Bounds are mean ± published SEM, not 95% confidence limits. Individual litters vary; no breed size midpoints or model predictions used."
pet_dog_litter,dog_english_cocker_spaniel,5.7,174,5.5,5.9,"Table 1; English Cocker Spaniel; n, Mean, SEM","N=174 registered litters; SEM=0.2 puppies. Bounds are mean ± published SEM, not 95% confidence limits. Individual litters vary; no breed size midpoints or model predictions used."
pet_dog_litter,dog_staffordshire_bull_terrier,5.6,82,5.4,5.8,"Table 1; Staffordshire Bull Terrier; n, Mean, SEM","N=82 registered litters; SEM=0.2 puppies. Bounds are mean ± published SEM, not 95% confidence limits. Individual litters vary; no breed size midpoints or model predictions used."
pet_dog_litter,dog_beagle,5.5,113,5.3,5.7,"Table 1; Beagle; n, Mean, SEM","N=113 registered litters; SEM=0.2 puppies. Bounds are mean ± published SEM, not 95% confidence limits. Individual litters vary; no breed size midpoints or model predictions used."
pet_dog_litter,dog_border_terrier,5.1,27,4.7,5.5,"Table 1; Border Terrier; n, Mean, SEM","N=27 registered litters; SEM=0.4 puppies. Bounds are mean ± published SEM, not 95% confidence limits. Individual litters vary; no breed size midpoints or model predictions used."
pet_dog_litter,dog_french_bulldog,4.7,35,4.4,5.0,"Table 1; French Bulldog; n, Mean, SEM","N=35 registered litters; SEM=0.3 puppies. Bounds are mean ± published SEM, not 95% confidence limits. Individual litters vary; no breed size midpoints or model predictions used."
pet_dog_litter,dog_miniature_schnauzer,4.7,205,4.6,4.8,"Table 1; Miniature Schnauzer; n, Mean, SEM","N=205 registered litters; SEM=0.1 puppies. Bounds are mean ± published SEM, not 95% confidence limits. Individual litters vary; no breed size midpoints or model predictions used."
pet_dog_litter,dog_bichon_frise,4.6,192,4.5,4.7,"Table 1; Bichon Frise; n, Mean, SEM","N=192 registered litters; SEM=0.1 puppies. Bounds are mean ± published SEM, not 95% confidence limits. Individual litters vary; no breed size midpoints or model predictions used."
pet_dog_litter,dog_miniature_dachshund,4.4,144,4.3,4.5,"Table 1; Miniature Dachshund; n, Mean, SEM","N=144 registered litters; SEM=0.1 puppies. Bounds are mean ± published SEM, not 95% confidence limits. Individual litters vary; no breed size midpoints or model predictions used."
pet_dog_litter,dog_pug,4.2,120,4.0,4.4,"Table 1; Pug; n, Mean, SEM","N=120 registered litters; SEM=0.2 puppies. Bounds are mean ± published SEM, not 95% confidence limits. Individual litters vary; no breed size midpoints or model predictions used."
pet_dog_litter,dog_shih_tzu,4.2,95,4.0,4.4,"Table 1; Shih Tzu; n, Mean, SEM","N=95 registered litters; SEM=0.2 puppies. Bounds are mean ± published SEM, not 95% confidence limits. Individual litters vary; no breed size midpoints or model predictions used."
pet_dog_litter,dog_cavalier_king_charles_spaniel,4.1,439,4.0,4.2,"Table 1; Cavalier King Charles Spaniel; n, Mean, SEM","N=439 registered litters; SEM=0.1 puppies. Bounds are mean ± published SEM, not 95% confidence limits. Individual litters vary; no breed size midpoints or model predictions used."
pet_dog_litter,dog_west_highland_white_terrier,3.7,37,3.4,4.0,"Table 1; West Highland White Terrier; n, Mean, SEM","N=37 registered litters; SEM=0.3 puppies. Bounds are mean ± published SEM, not 95% confidence limits. Individual litters vary; no breed size midpoints or model predictions used."
pet_dog_litter,dog_yorkshire_terrier,3.5,35,3.2,3.8,"Table 1; Yorkshire Terrier; n, Mean, SEM","N=35 registered litters; SEM=0.3 puppies. Bounds are mean ± published SEM, not 95% confidence limits. Individual litters vary; no breed size midpoints or model predictions used."
pet_dog_litter,dog_chihuahua,3.2,269,3.1,3.3,"Table 1; Chihuahua; n, Mean, SEM","N=269 registered litters; SEM=0.1 puppies. Bounds are mean ± published SEM, not 95% confidence limits. Individual litters vary; no breed size midpoints or model predictions used."
pet_dog_litter,dog_pomeranian,2.4,179,2.3,2.5,"Table 1; Pomeranian; n, Mean, SEM","N=179 registered litters; SEM=0.1 puppies. Bounds are mean ± published SEM, not 95% confidence limits. Individual litters vary; no breed size midpoints or model predictions used."
pet_dog_litter,dog_toy_poodle,2.4,100,2.3,2.5,"Table 1; Toy Poodle; n, Mean, SEM","N=100 registered litters; SEM=0.1 puppies. Bounds are mean ± published SEM, not 95% confidence limits. Individual litters vary; no breed size midpoints or model predictions used."
pet_dog_lifespan,dog_german_shepherd,114,279,109.46,118.54,Table 1; German Shepherd Dog; median months and 95% CI,"N=279; individual IQR 90–138 months; source approximate 95% CI half-width 4.54 months. Bounds reconstruct the reported interval, not a new prediction."
pet_dog_survival,dog_beagle,12.5,1552,12.3,12.7,Supplementary Table S3; Beagle; Median Survival and 95% CI,"N alive=4678; N deaths=1552. Published Kaplan–Meier median and 95% confidence limits copied exactly. Not a fitted extrapolation or anecdotal maximum. Different providers and censored follow-up can affect cohort results. Age calculation uses recorded birth month/year, not exact birth day. Censored records are included; future ages are not filled in."
pet_dog_survival,dog_bichon_frise,12.5,2900,12.3,12.7,Supplementary Table S3; Bichon Frise; Median Survival and 95% CI,"N alive=5902; N deaths=2900. Published Kaplan–Meier median and 95% confidence limits copied exactly. Not a fitted extrapolation or anecdotal maximum. Different providers and censored follow-up can affect cohort results. Age calculation uses recorded birth month/year, not exact birth day. Censored records are included; future ages are not filled in."
pet_dog_survival,dog_border_collie,13.1,7969,13,13.2,Supplementary Table S3; Border Collie; Median Survival and 95% CI,"N alive=12917; N deaths=7969. Published Kaplan–Meier median and 95% confidence limits copied exactly. Not a fitted extrapolation or anecdotal maximum. Different providers and censored follow-up can affect cohort results. Age calculation uses recorded birth month/year, not exact birth day. Censored records are included; future ages are not filled in."
pet_dog_survival,dog_border_terrier,14.2,2427,14.1,14.3,Supplementary Table S3; Border Terrier; Median Survival and 95% CI,"N alive=9387; N deaths=2427. Published Kaplan–Meier median and 95% confidence limits copied exactly. Not a fitted extrapolation or anecdotal maximum. Different providers and censored follow-up can affect cohort results. Age calculation uses recorded birth month/year, not exact birth day. Censored records are included; future ages are not filled in."
pet_dog_survival,dog_boxer,11.3,5925,11.3,11.5,Supplementary Table S3; Boxer; Median Survival and 95% CI,"N alive=11294; N deaths=5925. Published Kaplan–Meier median and 95% confidence limits copied exactly. Not a fitted extrapolation or anecdotal maximum. Different providers and censored follow-up can affect cohort results. Age calculation uses recorded birth month/year, not exact birth day. Censored records are included; future ages are not filled in."
pet_dog_survival,dog_cavalier_king_charles_spaniel,11.8,6879,11.7,11.9,Supplementary Table S3; Cavalier King Charles Spaniel; Median Survival and 95% CI,"N alive=13782; N deaths=6879. Published Kaplan–Meier median and 95% confidence limits copied exactly. Not a fitted extrapolation or anecdotal maximum. Different providers and censored follow-up can affect cohort results. Age calculation uses recorded birth month/year, not exact birth day. Censored records are included; future ages are not filled in."
pet_dog_survival,dog_chihuahua,11.8,3848,11.5,11.9,Supplementary Table S3; Chihuahua; Median Survival and 95% CI,"N alive=10788; N deaths=3848. Published Kaplan–Meier median and 95% confidence limits copied exactly. Not a fitted extrapolation or anecdotal maximum. Different providers and censored follow-up can affect cohort results. Age calculation uses recorded birth month/year, not exact birth day. Censored records are included; future ages are not filled in."
pet_dog_survival,dog_english_cocker_spaniel,13.3,7584,13.2,13.3,Supplementary Table S3; English Cocker Spaniel; Median Survival and 95% CI,"N alive=26303; N deaths=7584. Published Kaplan–Meier median and 95% confidence limits copied exactly. Not a fitted extrapolation or anecdotal maximum. Different providers and censored follow-up can affect cohort results. Age calculation uses recorded birth month/year, not exact birth day. Censored records are included; future ages are not filled in."
pet_dog_survival,dog_english_springer_spaniel,13.5,6221,13.4,13.6,Supplementary Table S3; English Springer Spaniel; Median Survival and 95% CI,"N alive=17905; N deaths=6221. Published Kaplan–Meier median and 95% confidence limits copied exactly. Not a fitted extrapolation or anecdotal maximum. Different providers and censored follow-up can affect cohort results. Age calculation uses recorded birth month/year, not exact birth day. Censored records are included; future ages are not filled in."
pet_dog_survival,dog_french_bulldog,9.8,2495,9.4,10.1,Supplementary Table S3; French Bulldog; Median Survival and 95% CI,"N alive=11821; N deaths=2495. Published Kaplan–Meier median and 95% confidence limits copied exactly. Not a fitted extrapolation or anecdotal maximum. Different providers and censored follow-up can affect cohort results. Age calculation uses recorded birth month/year, not exact birth day. Censored records are included; future ages are not filled in."
pet_dog_survival,dog_german_shepherd,11.3,10773,11.3,11.4,Supplementary Table S3; German Shepherd Dog; Median Survival and 95% CI,"N alive=19908; N deaths=10773. Published Kaplan–Meier median and 95% confidence limits copied exactly. Not a fitted extrapolation or anecdotal maximum. Different providers and censored follow-up can affect cohort results. Age calculation uses recorded birth month/year, not exact birth day. Censored records are included; future ages are not filled in."
pet_dog_survival,dog_golden_retriever,13.2,4252,13.1,13.2,Supplementary Table S3; Golden Retriever; Median Survival and 95% CI,"N alive=11506; N deaths=4252. Published Kaplan–Meier median and 95% confidence limits copied exactly. Not a fitted extrapolation or anecdotal maximum. Different providers and censored follow-up can affect cohort results. Age calculation uses recorded birth month/year, not exact birth day. Censored records are included; future ages are not filled in."
pet_dog_survival,dog_greyhound,11.5,3025,11.4,11.6,Supplementary Table S3; Greyhound; Median Survival and 95% CI,"N alive=3964; N deaths=3025. Published Kaplan–Meier median and 95% confidence limits copied exactly. Not a fitted extrapolation or anecdotal maximum. Different providers and censored follow-up can affect cohort results. Age calculation uses recorded birth month/year, not exact birth day. Censored records are included; future ages are not filled in."
pet_dog_survival,dog_labrador_retriever,13.1,16155,13,13.1,Supplementary Table S3; Labrador Retriever; Median Survival and 95% CI,"N alive=43428; N deaths=16155. Published Kaplan–Meier median and 95% confidence limits copied exactly. Not a fitted extrapolation or anecdotal maximum. Different providers and censored follow-up can affect cohort results. Age calculation uses recorded birth month/year, not exact birth day. Censored records are included; future ages are not filled in."
pet_dog_survival,dog_maltese,13.1,666,12.6,13.5,Supplementary Table S3; Maltese; Median Survival and 95% CI,"N alive=2021; N deaths=666. Published Kaplan–Meier median and 95% confidence limits copied exactly. Not a fitted extrapolation or anecdotal maximum. Different providers and censored follow-up can affect cohort results. Age calculation uses recorded birth month/year, not exact birth day. Censored records are included; future ages are not filled in."
pet_dog_survival,dog_miniature_dachshund,14,1655,13.7,14.2,Supplementary Table S3; Miniature Dachshund; Median Survival and 95% CI,"N alive=7342; N deaths=1655. Published Kaplan–Meier median and 95% confidence limits copied exactly. Not a fitted extrapolation or anecdotal maximum. Different providers and censored follow-up can affect cohort results. Age calculation uses recorded birth month/year, not exact birth day. Censored records are included; future ages are not filled in."
pet_dog_survival,dog_miniature_schnauzer,13.3,1977,13.2,13.5,Supplementary Table S3; Miniature Schnauzer; Median Survival and 95% CI,"N alive=7693; N deaths=1977. Published Kaplan–Meier median and 95% confidence limits copied exactly. Not a fitted extrapolation or anecdotal maximum. Different providers and censored follow-up can affect cohort results. Age calculation uses recorded birth month/year, not exact birth day. Censored records are included; future ages are not filled in."
pet_dog_survival,dog_pomeranian,12.2,1170,12,12.5,Supplementary Table S3; Pomeranian; Median Survival and 95% CI,"N alive=2941; N deaths=1170. Published Kaplan–Meier median and 95% confidence limits copied exactly. Not a fitted extrapolation or anecdotal maximum. Different providers and censored follow-up can affect cohort results. Age calculation uses recorded birth month/year, not exact birth day. Censored records are included; future ages are not filled in."
pet_dog_survival,dog_pug,11.6,2782,11.4,11.8,Supplementary Table S3; Pug; Median Survival and 95% CI,"N alive=10026; N deaths=2782. Published Kaplan–Meier median and 95% confidence limits copied exactly. Not a fitted extrapolation or anecdotal maximum. Different providers and censored follow-up can affect cohort results. Age calculation uses recorded birth month/year, not exact birth day. Censored records are included; future ages are not filled in."
pet_dog_survival,dog_rottweiler,10.6,3442,10.4,10.7,Supplementary Table S3; Rottweiler; Median Survival and 95% CI,"N alive=6275; N deaths=3442. Published Kaplan–Meier median and 95% confidence limits copied exactly. Not a fitted extrapolation or anecdotal maximum. Different providers and censored follow-up can affect cohort results. Age calculation uses recorded birth month/year, not exact birth day. Censored records are included; future ages are not filled in."
pet_dog_survival,dog_shih_tzu,12.8,5894,12.6,12.9,Supplementary Table S3; Shih Tzu; Median Survival and 95% CI,"N alive=12007; N deaths=5894. Published Kaplan–Meier median and 95% confidence limits copied exactly. Not a fitted extrapolation or anecdotal maximum. Different providers and censored follow-up can affect cohort results. Age calculation uses recorded birth month/year, not exact birth day. Censored records are included; future ages are not filled in."
pet_dog_survival,dog_staffordshire_bull_terrier,12,25332,12,12.1,Supplementary Table S3; Staffordshire Bull Terrier; Median Survival and 95% CI,"N alive=36216; N deaths=25332. Published Kaplan–Meier median and 95% confidence limits copied exactly. Not a fitted extrapolation or anecdotal maximum. Different providers and censored follow-up can affect cohort results. Age calculation uses recorded birth month/year, not exact birth day. Censored records are included; future ages are not filled in."
pet_dog_survival,dog_west_highland_white_terrier,13.4,6730,13.3,13.5,Supplementary Table S3; West Highland White Terrier; Median Survival and 95% CI,"N alive=11932; N deaths=6730. Published Kaplan–Meier median and 95% confidence limits copied exactly. Not a fitted extrapolation or anecdotal maximum. Different providers and censored follow-up can affect cohort results. Age calculation uses recorded birth month/year, not exact birth day. Censored records are included; future ages are not filled in."
pet_dog_survival,dog_whippet,13.4,1483,13.2,13.7,Supplementary Table S3; Whippet; Median Survival and 95% CI,"N alive=4971; N deaths=1483. Published Kaplan–Meier median and 95% confidence limits copied exactly. Not a fitted extrapolation or anecdotal maximum. Different providers and censored follow-up can affect cohort results. Age calculation uses recorded birth month/year, not exact birth day. Censored records are included; future ages are not filled in."
pet_dog_survival,dog_yorkshire_terrier,13.3,9509,13.3,13.4,Supplementary Table S3; Yorkshire Terrier; Median Survival and 95% CI,"N alive=14579; N deaths=9509. Published Kaplan–Meier median and 95% confidence limits copied exactly. Not a fitted extrapolation or anecdotal maximum. Different providers and censored follow-up can affect cohort results. Age calculation uses recorded birth month/year, not exact birth day. Censored records are included; future ages are not filled in."
