Date	Institution	Download Citation	DOI	Downloaded by	Notes
20240227	ASU	GBIF.org (27 February 2024) GBIF Occurrence Download  https://doi.org/10.15468/dl.pztqzk	https://doi.org/10.15468/dl.pztqzk	db	All records from https://www.gbif.org/dataset/375fe518-f58b-4ec7-868c-99218dfd2866 
20240110	CAS	GBIF.org (10 January 2024) GBIF Occurrence Download  https://doi.org/10.15468/dl.897qq5	https://doi.org/10.15468/dl.897qq5	db	All records from https://www.gbif.org/dataset/6ce7290f-47f6-4046-8356-371f5b6749df
20240227	CSULB	GBIF.org (27 February 2024) GBIF Occurrence Download  https://doi.org/10.15468/dl.cfh4uq	https://doi.org/10.15468/dl.cfh4uq	db	All records from https://www.gbif.org/dataset/431b19b9-b5b4-4bcb-ae11-072899dd4c52
20240110	DMNS	GBIF.org (10 January 2024) GBIF Occurrence Download  https://doi.org/10.15468/dl.v5y2pr	https://doi.org/10.15468/dl.v5y2pr	db	All records from https://www.gbif.org/dataset/5f3463d2-51b6-4a8a-b252-9bab4388934e
20240227	FMNH	GBIF.org (27 February 2024) GBIF Occurrence Download  https://doi.org/10.15468/dl.gzuptm	https://doi.org/10.15468/dl.gzuptm	db	All records from https://www.gbif.org/dataset/41fc5c40-5e81-496f-9733-6b5681b3b7a5 
20240110	HSU Vert Museum	GBIF.org (10 January 2024) GBIF Occurrence Download  https://doi.org/10.15468/dl.tyds38	https://doi.org/10.15468/dl.tyds38	db	All records from https://www.gbif.org/dataset/62f37aae-c69a-422f-ad23-32bd92454806
20240227	KU	GBIF.org (27 February 2024) GBIF Occurrence Download  https://doi.org/10.15468/dl.7g7j8m	https://doi.org/10.15468/dl.7g7j8m	db	All records from https://www.gbif.org/dataset/1d04e739-98a9-4e16-9970-8f8f3bf9e9e3 
20240227	LACM	GBIF.org (27 February 2024) GBIF Occurrence Download  https://doi.org/10.15468/dl.9hrst8	https://doi.org/10.15468/dl.9hrst8	db	All Mammalia from https://www.gbif.org/dataset/7a25f7aa-03fb-4322-aaeb-66719e1a9527 
20240225	MSB	GBIF.org (26 February 2024) GBIF Occurrence Download  https://doi.org/10.15468/dl.5wwfu9	https://doi.org/10.15468/dl.5wwfu9	db	All records from https://www.gbif.org/dataset/b15d4952-7d20-46f1-8a3e-556a512b04c5
20240225	MVZ	GBIF.org (26 February 2024) GBIF Occurrence Download  https://doi.org/10.15468/dl.5mbsge	https://doi.org/10.15468/dl.5mbsge	db	All records from https://www.gbif.org/dataset/0daed095-478a-4af6-abf5-18acb790fbb2
20240110	TCWC	GBIF.org (11 January 2024) GBIF Occurrence Download  https://doi.org/10.15468/dl.26eh3k	https://doi.org/10.15468/dl.26eh3k	db	All Mammal records from https://www.gbif.org/dataset/b6015b60-6f96-43a9-88e5-2f41854e8f07
20240110	TTU	GBIF.org (11 January 2024) GBIF Occurrence Download  https://doi.org/10.15468/dl.45wsbt	https://doi.org/10.15468/dl.45wsbt	db	All records from https://www.gbif.org/dataset/854f70cc-55e3-4af2-9417-0f47d6c7902d
20240227	UAM	GBIF.org (27 February 2024) GBIF Occurrence Download  https://doi.org/10.15468/dl.8c95qk	https://doi.org/10.15468/dl.8c95qk	db	All records from https://www.gbif.org/dataset/377be098-626f-4cc2-b4b5-35700050669a
20240225	UMMZ	GBIF.org (26 February 2024) GBIF Occurrence Download  https://doi.org/10.15468/dl.w7a35w	https://doi.org/10.15468/dl.w7a35w	db	All records from https://www.gbif.org/dataset/6d2cfc0a-9903-40b8-802b-403398218e4a
20240225	UMNH	GBIF.org (26 February 2024) GBIF Occurrence Download  https://doi.org/10.15468/dl.2erdam	https://doi.org/10.15468/dl.2erdam	db	All records from https://www.gbif.org/dataset/06a00852-f764-4fb8-80d4-ca51f0918459
20240227	UMZM	GBIF.org (27 February 2024) GBIF Occurrence Download  https://doi.org/10.15468/dl.jevgd8	https://doi.org/10.15468/dl.jevgd8	db	All records from https://www.gbif.org/dataset/1e4180fe-8864-4c82-afaf-ad8a82cd76db
20240225	UNR	GBIF.org (26 February 2024) GBIF Occurrence Download  https://doi.org/10.15468/dl.fbcvye	https://doi.org/10.15468/dl.fbcvye	db	All records from https://www.gbif.org/dataset/ce4fe924-1ddf-4546-856f-b3319aded91b
20240225	UWBM	GBIF.org (26 February 2024) GBIF Occurrence Download  https://doi.org/10.15468/dl.s5u9z5	https://doi.org/10.15468/dl.s5u9z5	db	All records from https://www.gbif.org/dataset/830eb5d0-f762-11e1-a439-00145eb45e9a
20240227	UWYMV	GBIF.org (27 February 2024) GBIF Occurrence Download  https://doi.org/10.15468/dl.9wsn76	https://doi.org/10.15468/dl.9wsn76	db	All records from https://www.gbif.org/dataset/f36b26ac-97d1-40f6-a9a0-484defff98e7
