id,bucket,high_label,low_label,interest,status,source_ids,source_urls,coverage,evidence_gate,manual_decision,game_approved,discovery_evidence,recommendation,recommendation_reason
heart-rate,Routines,Fastest resting heartbeat,Slowest resting heartbeat,intuitive,downloaded_source_requires_endpoint_audit,discovery-heart-rate,https://github.com/stacyderuiter/mammal-allometry,See source-specific audit; no globally balanced coverage claimed.,"Beats/min; adult, awake, resting and unsedated flags required. Do not use predicted equations.",awaiting_user_review,False,acquired,keep,Distinct understandable comparison worth pursuing; source-level eligibility still required.
breathing-rate,Routines,Fastest resting breathing,Slowest resting breathing,intuitive,downloaded_source_requires_endpoint_audit,discovery-breathing-rate,https://github.com/stacyderuiter/mammal-allometry,See source-specific audit; no globally balanced coverage claimed.,"Breaths/min; inactive awake adults, at surface or ashore for aquatic mammals; no breath-hold substitution.",awaiting_user_review,False,acquired,keep,Distinct understandable comparison worth pursuing; source-level eligibility still required.
breath-volume,Anatomy,Largest breath,Smallest breath,intuitive,downloaded_source_requires_endpoint_audit,discovery-breath-volume,https://github.com/stacyderuiter/mammal-allometry,See source-specific audit; no globally balanced coverage claimed.,Measured tidal volume in mL per breath; not lung capacity. Conditions and explicit units required.,awaiting_user_review,False,acquired,keep,Distinct understandable comparison worth pursuing; source-level eligibility still required.
heart-stroke-volume,Anatomy,Most blood pumped per heartbeat,Least blood pumped per heartbeat,specialist,downloaded_source_requires_endpoint_audit,discovery-heart-stroke-volume,https://github.com/stacyderuiter/mammal-allometry,See source-specific audit; no globally balanced coverage claimed.,Direct measured stroke volume only. Exclude model-derived cardiac output and calculated values lacking actual observations.,awaiting_user_review,False,acquired,hold,Optional specialist comparison; keep out of main boards unless mixed with intuitive prizes.
field-energy,Feeding,Most daily energy burned in the wild,Least daily energy burned in the wild,intuitive,downloaded_source_requires_endpoint_audit,discovery-field-energy,https://zenodo.org/records/16894769,See source-specific audit; no globally balanced coverage claimed.,"Study-reported field energy expenditure; common time/energy units, comparable age and activity. Reject predictions and imputation.",awaiting_user_review,False,acquired,keep,Distinct understandable comparison worth pursuing; source-level eligibility still required.
resting-energy,Routines,Most energy burned at rest,Least energy burned at rest,specialist,downloaded_source_requires_endpoint_audit,discovery-resting-energy,https://github.com/stacyderuiter/mammal-allometry,See source-specific audit; no globally balanced coverage claimed.,Basal versus resting metabolic rate separate; strict condition flags and unit conversion only. No allometric estimates.,awaiting_user_review,False,acquired,hold,Optional specialist comparison; keep out of main boards unless mixed with intuitive prizes.
chewing-rate,Feeding,Fastest chewer,Slowest chewer,intuitive,evidence_lead,discovery-chewing-rate,https://doi.org/10.1644/07-MAMM-A-188.1,See source-specific audit; no globally balanced coverage claimed.,"132-species table located; cycle duration measured/compiled, food type and chewing versus incising separate. No predicted rates.",awaiting_user_review,False,paper_table_lead,keep,Distinct understandable comparison worth pursuing; source-level eligibility still required.
food-retention,Feeding,Longest food passage time,Shortest food passage time,intuitive,evidence_lead,discovery-food-retention,https://pubmed.ncbi.nlm.nih.gov/39653272/,See source-specific audit; no globally balanced coverage claimed.,"149 mammal and 33 bird species reported. Match marker, food and particle versus fluid; not a generic digestion time.",awaiting_user_review,False,paper_lead,keep,Distinct understandable comparison worth pursuing; source-level eligibility still required.
intestine-length,Anatomy,Longest intestines,Shortest intestines,intuitive,evidence_lead,discovery-intestine-length,https://doi.org/10.5061/dryad.z8w9ghxb8,See source-specific audit; no globally balanced coverage claimed.,"Whole intestinal length only, same preservation and stretching methods. Do not split each gut section into more prizes.",awaiting_user_review,False,dataset_lead,keep,Distinct understandable comparison worth pursuing; source-level eligibility still required.
milk-fat,Parenting,Fattiest milk,Least fatty milk,intuitive,evidence_lead,discovery-milk-fat,https://doi.org/10.1111/1365-2656.12095,See source-specific audit; no globally balanced coverage claimed.,Measured g fat per 100g milk at comparable lactation stage. Corrected 2019 table has model imputations; exclude those cells.,awaiting_user_review,False,paper_lead,keep,Distinct understandable comparison worth pursuing; source-level eligibility still required.
milk-protein,Parenting,Most protein-rich milk,Least protein-rich milk,intuitive,evidence_lead,discovery-milk-protein,https://doi.org/10.1111/1365-2656.12095,See source-specific audit; no globally balanced coverage claimed.,"Measured protein g/100g milk, same lactation stage and assay basis. Not grams per day.",awaiting_user_review,False,paper_lead,keep,Distinct understandable comparison worth pursuing; source-level eligibility still required.
milk-sugar,Parenting,Most sugar-rich milk,Least sugar-rich milk,intuitive,evidence_lead,discovery-milk-sugar,https://doi.org/10.7717/peerj.8085,See source-specific audit; no globally balanced coverage claimed.,Total measured sugar; not lactose alone. Fifteen imputed sugar cells in later analyses must be excluded.,awaiting_user_review,False,paper_lead,keep,Distinct understandable comparison worth pursuing; source-level eligibility still required.
milk-energy,Parenting,Most energy-rich milk,Least energy-rich milk,intuitive,evidence_lead,discovery-milk-energy,https://doi.org/10.1111/1365-2656.12095,See source-specific audit; no globally balanced coverage claimed.,Energy per gram; require measured calorimetry or explicit source basis. No energy computed by us from guessed composition.,awaiting_user_review,False,paper_lead,keep,Distinct understandable comparison worth pursuing; source-level eligibility still required.
wingbeat-frequency,Movement,Fastest wingbeats,Slowest wingbeats,intuitive,evidence_lead,discovery-wingbeat-frequency,https://doi.org/10.1242/jeb.199.7.1613;https://doi.org/10.1242/jeb.060855,See source-specific audit; no globally balanced coverage claimed.,Measured cruising/hovering protocols separated. Birds and bats offer independent coverage; predictions excluded.,awaiting_user_review,False,paper_lead,keep,Distinct understandable comparison worth pursuing; source-level eligibility still required.
shake-frequency,Routines,Fastest shake to dry off,Slowest shake to dry off,intuitive,evidence_lead,discovery-shake-frequency,https://pmc.ncbi.nlm.nih.gov/articles/PMC3481573/,See source-specific audit; no globally balanced coverage claimed.,"Measured wet-mammal oscillations per second, not predicted mass scaling or tremor frequency. Small samples must remain explicit.",awaiting_user_review,False,paper_table_lead,keep,Distinct understandable comparison worth pursuing; source-level eligibility still required.
whisker-length,Anatomy,Longest whiskers,Shortest whiskers,intuitive,downloaded_source_requires_endpoint_audit,discovery-whisker-length,https://zenodo.org/records/4942927,See source-specific audit; no globally balanced coverage claimed.,"11-species experiment; whisker length is not whisker span. Preserve whisker identity, intact versus cut and source units.",awaiting_user_review,False,acquired,keep,Distinct understandable comparison worth pursuing; source-level eligibility still required.
grip-force,Strength,Strongest climbing grip,Weakest climbing grip,intuitive,downloaded_source_requires_endpoint_audit,discovery-grip-force,https://zenodo.org/records/4951666,See source-specific audit; no globally balanced coverage claimed.,"Measured maximum adhesive force in N; source specimen IDs require species key. Surface, pull direction and pad contact matched.",awaiting_user_review,False,acquired,keep,Distinct understandable comparison worth pursuing; source-level eligibility still required.
venom-yield,Survival,Most venom produced,Least venom produced,intuitive,evidence_lead,discovery-venom-yield,https://pmc.ncbi.nlm.nih.gov/articles/PMC12092123/,See source-specific audit; no globally balanced coverage claimed.,75-spider compilation; missing S1 from latest repository record. Dry mass versus wet volume kept separate; milking is not venom injected in a bite.,awaiting_user_review,False,paper_lead,keep,Distinct understandable comparison worth pursuing; source-level eligibility still required.
venom-potency,Survival,Most potent venom in a shared test,Least potent venom in a shared test,specialist,evidence_lead,discovery-venom-potency,https://pmc.ncbi.nlm.nih.gov/articles/PMC12092123/,See source-specific audit; no globally balanced coverage claimed.,"Compare the same test organism, route and LD50 units. No deadliest-to-human claim; no combining prey-specific assays.",awaiting_user_review,False,paper_lead,hold,Optional specialist comparison; keep out of main boards unless mixed with intuitive prizes.
shell-strength,Strength,Hardest shell to crack,Easiest shell to crack,intuitive,evidence_lead,discovery-shell-strength,https://doi.org/10.31931/FMBC-D-21-00001,See source-specific audit; no globally balanced coverage claimed.,"Eight-bivalve study; force to fracture versus material stress are distinct. Match loading geometry, size context and shell condition.",awaiting_user_review,False,paper_lead,keep,Distinct understandable comparison worth pursuing; source-level eligibility still required.
shell-thickness,Anatomy,Thickest shell,Thinnest shell,intuitive,evidence_lead,discovery-shell-thickness,https://doi.org/10.31931/FMBC-D-21-00001,See source-specific audit; no globally balanced coverage claimed.,"Whole animal shell, same location and adult stage; not eggshell or proxy thickness index.",awaiting_user_review,False,paper_lead,keep,Distinct understandable comparison worth pursuing; source-level eligibility still required.
skin-thickness,Anatomy,Thickest skin,Thinnest skin,intuitive,evidence_lead,discovery-skin-thickness,https://doi.org/10.1111/ahe.12967,See source-specific audit; no globally balanced coverage claimed.,"Total skin thickness, same body region and adult stage. Epidermis alone is not skin; access/embargo must be checked.",awaiting_user_review,False,paper_lead,keep,Distinct understandable comparison worth pursuing; source-level eligibility still required.
visual-field,Senses,Widest field of view,Narrowest field of view,intuitive,evidence_lead,discovery-visual-field,https://pubmed.ncbi.nlm.nih.gov/18245624/;https://pmc.ncbi.nlm.nih.gov/articles/PMC12629130/,See source-specific audit; no globally balanced coverage claimed.,"Measured horizontal cyclopean field at resting eye position, degrees; not binocular overlap or orbit orientation proxy.",awaiting_user_review,False,paper_lead,keep,Distinct understandable comparison worth pursuing; source-level eligibility still required.
visual-temporal-resolution,Senses,Detects the fastest flicker,Detects the slowest flicker,specialist,evidence_lead,discovery-visual-temporal-resolution,https://pmc.ncbi.nlm.nih.gov/articles/PMC4798572/,See source-specific audit; no globally balanced coverage claimed.,"Critical flicker fusion threshold, common light level and behavioral/retinal method separate. No subjective slow-motion vision label.",awaiting_user_review,False,paper_lead,hold,Optional specialist comparison; keep out of main boards unless mixed with intuitive prizes.
vocal-repertoire,Sound,Most distinct call types,Fewest distinct call types,intuitive,downloaded_source_requires_endpoint_audit,discovery-vocal-repertoire,https://zenodo.org/records/5016383;https://zenodo.org/records/20616324,See source-specific audit; no globally balanced coverage claimed.,Adult repertoire definitions and effort vary. 253-bird and 42-primate source datasets; no counting dialects or recording clips as call types.,awaiting_user_review,False,acquired,keep,Distinct understandable comparison worth pursuing; source-level eligibility still required.
prey-mass,Feeding,Largest recorded prey taken,,intuitive,downloaded_source_requires_endpoint_audit,discovery-prey-mass,https://doi.org/10.1371/journal.pone.0106402,See source-specific audit; no globally balanced coverage claimed.,108 carnivores; use one common endpoint such as largest documented prey mass reversed. Do not reverse maximum for one prize and minimum for another. Distinguish predation from scavenging.,awaiting_user_review,False,acquired_pdf,keep,Distinct understandable comparison worth pursuing; source-level eligibility still required.
kill-frequency,Feeding,Most frequent prey kills,Least frequent prey kills,specialist,evidence_lead,discovery-kill-frequency,https://doi.org/10.5061/dryad.n23q7q1,See source-specific audit; no globally balanced coverage claimed.,Measured kills per day under comparable field definitions; group versus individual rates and inferred rates excluded.,awaiting_user_review,False,dataset_lead,hold,Optional specialist comparison; keep out of main boards unless mixed with intuitive prizes.
low-oxygen-tolerance,Survival,Needs the least oxygen in water,Needs the most oxygen in water,intuitive,evidence_lead,discovery-low-oxygen-tolerance,https://doi.org/10.14466/CefasDataHub.121,See source-specific audit; no globally balanced coverage claimed.,"331 measurements/151 fish reported. Pcrit is a metabolic threshold, not lethal survival; temperature, salinity, respirometry and units must match.",awaiting_user_review,False,dataset_lead,keep,Distinct understandable comparison worth pursuing; source-level eligibility still required.
claw-length,Anatomy,Longest claws,Shortest claws,intuitive,evidence_lead,discovery-claw-length,https://doi.org/10.1002/jmor.21317,See source-specific audit; no globally balanced coverage claimed.,"80 claw specimens reported across birds/mammals/reptile; curved outer length versus chord distinguished, same digit and sheath versus bone.",awaiting_user_review,False,paper_lead,keep,Distinct understandable comparison worth pursuing; source-level eligibility still required.
fang-length,Anatomy,Longest fangs,Shortest fangs,intuitive,evidence_lead,discovery-fang-length,https://doi.org/10.6078/D17M5J,See source-specific audit; no globally balanced coverage claimed.,"Measured exposed fang length, not maxilla length or proxy fang-size score. Rear-fanged snake coverage alone is narrow.",awaiting_user_review,False,dataset_lead,keep,Distinct understandable comparison worth pursuing; source-level eligibility still required.
eye-opening-age,Development,Latest eyes open after birth,Earliest eyes open after birth,intuitive,downloaded_source_requires_endpoint_audit,discovery-eye-opening-age,https://doi.org/10.1890/08-1494.1,See source-specific audit; no globally balanced coverage claimed.,PanTHERIA age-at-eye-opening days; original measured records and uncertainty required. Missing -999 excluded; not maturity age.,awaiting_user_review,False,existing_catalog,keep,Distinct understandable comparison worth pursuing; source-level eligibility still required.
teat-count,Anatomy,Most nipples,Fewest nipples,intuitive,downloaded_source_requires_endpoint_audit,discovery-teat-count,https://doi.org/10.1890/08-1494.1,See source-specific audit; no globally balanced coverage claimed.,"PanTHERIA teat count; counts versus pairs explicit, species exceptions/source verification. No inferred count from litter size.",awaiting_user_review,False,existing_catalog,keep,Distinct understandable comparison worth pursuing; source-level eligibility still required.
dispersal-age,Development,Latest leaves its birth group,Earliest leaves its birth group,intuitive,downloaded_source_requires_endpoint_audit,discovery-dispersal-age,https://doi.org/10.1890/08-1494.1,See source-specific audit; no globally balanced coverage claimed.,"Natal dispersal age in days; sex and social context matched. Not weaning, maturity or independence age.",awaiting_user_review,False,existing_catalog,keep,Distinct understandable comparison worth pursuing; source-level eligibility still required.
newborn-length,Size,Longest newborn,Shortest newborn,intuitive,downloaded_source_requires_endpoint_audit,discovery-newborn-length,https://doi.org/10.1890/08-1494.1,See source-specific audit; no globally balanced coverage claimed.,"Neonate head-body length in mm; anatomical endpoints and neonatal timing consistent, exclude estimates.",awaiting_user_review,False,existing_catalog,keep,Distinct understandable comparison worth pursuing; source-level eligibility still required.
silk-strength,Strength,Strongest silk,Weakest silk,intuitive,evidence_lead,discovery-silk-strength,https://academic.oup.com/evolut/article/78/12/2032/7758014,See source-specific audit; no globally balanced coverage claimed.,164-spider comparative analysis; measured same silk type/tensile protocol. Tensile strength is not force to break a whole web.,awaiting_user_review,False,paper_lead,keep,Distinct understandable comparison worth pursuing; source-level eligibility still required.
silk-stretch,Strength,Most stretchable silk,Least stretchable silk,intuitive,evidence_lead,discovery-silk-stretch,https://doi.org/10.5061/dryad.7n38s11,See source-specific audit; no globally balanced coverage claimed.,"Measured strain at rupture, same silk type and extraction speed; not toughness or modulus.",awaiting_user_review,False,dataset_lead,keep,Distinct understandable comparison worth pursuing; source-level eligibility still required.
arm-count,Anatomy,Most arms and tentacles,Fewest arms and tentacles,intuitive,evidence_lead,discovery-arm-count,https://ocean.si.edu/ocean-life/invertebrates/octopuses-squids-and-relatives,See source-specific audit; no globally balanced coverage claimed.,"Species-level anatomical count, distinguish arms/tentacles and damaged individuals. Many ties; needs diverse species and board eligibility.",awaiting_user_review,False,account_lead,keep,Distinct understandable comparison worth pursuing; source-level eligibility still required.
eye-count,Anatomy,Most eyes,Fewest eyes,intuitive,evidence_lead,discovery-eye-count,https://doi.org/10.1146/annurev-vision-121820-074736,See source-specific audit; no globally balanced coverage claimed.,Define functional eyes versus ocelli/photoreceptive patches; species-specific measured counts and ties. No counting compound-eye facets as separate eyes.,awaiting_user_review,False,review_lead,keep,Distinct understandable comparison worth pursuing; source-level eligibility still required.
reaction-latency,Movement,Fastest escape reaction,Slowest escape reaction,intuitive,evidence_lead,discovery-reaction-latency,https://pubmed.ncbi.nlm.nih.gov/33431597/;https://pmc.ncbi.nlm.nih.gov/articles/PMC11413494/,See source-specific audit; no globally balanced coverage claimed.,Time from common stimulus to first visible movement. Not take-off duration; limited fish/rodent studies cannot be pooled blindly.,awaiting_user_review,False,paper_lead,keep,Distinct understandable comparison worth pursuing; source-level eligibility still required.
strike-speed,Movement,Fastest prey-catching strike,Slowest prey-catching strike,intuitive,evidence_lead,discovery-strike-speed,https://doi.org/10.5061/dryad.gf1vhhn1t,See source-specific audit; no globally balanced coverage claimed.,Comparative soft-tissue capture kinematics; speed endpoint and body part must be comparable. Not whole-animal travel speed.,awaiting_user_review,False,dataset_lead,keep,Distinct understandable comparison worth pursuing; source-level eligibility still required.
documented-tool-use,Cognition,Documented tool user,,intuitive,downloaded_source_requires_endpoint_audit,discovery-documented-tool-use,https://github.com/datadiversitylab/ACDB,See source-specific audit; no globally balanced coverage claimed.,"One-sided factual attribute. Culture records are observation-biased, so absence is not inability. Not a scalar rank; requires separate game eligibility decision.",awaiting_user_review,False,acquired,hold,Distinct understandable comparison worth pursuing; source-level eligibility still required.
