concept,numeric_rows,source_taxon_labels,units,files,primary_reference_rows,certified_board_ready,remaining_gates
breath-volume,24,24,mL/breath,discovery-heart-vtdata-filter.csv,0,False,"Primary measurement, uncertainty and comparability audit required."
breathing-rate,76,76,breaths/min,discovery-heart-frdata-filter.csv,76,False,"Primary measurement, uncertainty and comparability audit required."
egg-length,261,261,mm,discovery-fish-reproduction.tsv,261,False,BLOCKED: offspring size mixes eggs and live young; identify anatomy before ranking.
field-energy,3991,586,kJ/day,discovery-field-energy-FieldMR_SciDataPub.xls,3991,False,BLOCKED: source methods include range midpoints and estimated mass conversions; original-reference audit required. Routine laboratory oxygen measurements and field measurements must be separated.
heart-rate,32,31,beats/min,discovery-heart-fhdata-filter.csv,32,False,"Primary measurement, uncertainty and comparability audit required."
heart-stroke-volume,11,11,mL/beat,discovery-heart-svdata-filter.csv,11,False,"Primary measurement, uncertainty and comparability audit required."
length,4932,4922,(high)  cm; (high)  m; (high)  mm; cm; m; mm,adw-measurement-accounts.json; discovery-arthropods.zip; expansion-adw-accounts.json,4932,False,"BLOCKED: account-level summary; trace primary citation and preserve average versus record, wild versus captive, sex and taxonomy. No prose copied into ranking data.; BLOCKED: literature and expert knowledge mixed without per-cell method/source in archive; CC-BY-NC license. Body-size anatomical definition, fecundity time basis and development versus maturity need verification. Thermal niche and dispersal score excluded."
lifespan,538,332,(high)  days; (high)  hours; (high)  months; (high)  years; (high)  years AnAge; (low)  years AnAge; + (high)  months; + (high)  years; days; months; months Bird Banding Laboratory; years; years AnAge; years Max Planck Institute for Demographic Research,adw-measurement-accounts.json; discovery-arthropods.zip; expansion-adw-accounts.json,538,False,"BLOCKED: account-level summary; trace primary citation and preserve average versus record, wild versus captive, sex and taxonomy. No prose copied into ranking data.; BLOCKED: literature and expert knowledge mixed without per-cell method/source in archive; CC-BY-NC license. Body-size anatomical definition, fecundity time basis and development versus maturity need verification. Thermal niche and dispersal score excluded."
mass,62,55,(high)  kg; g; g AnAge; kg,adw-measurement-accounts.json; expansion-adw-accounts.json,62,False,"BLOCKED: account-level summary; trace primary citation and preserve average versus record, wild versus captive, sex and taxonomy. No prose copied into ranking data."
maturity-age,786,662,(low)  months; (low)  years; days; days AnAge; months; weeks; years,adw-measurement-accounts.json; discovery-arthropods.zip; expansion-adw-accounts.json,786,False,"BLOCKED: account-level summary; trace primary citation and preserve average versus record, wild versus captive, sex and taxonomy. No prose copied into ranking data.; BLOCKED: literature and expert knowledge mixed without per-cell method/source in archive; CC-BY-NC license. Body-size anatomical definition, fecundity time basis and development versus maturity need verification. Thermal niche and dispersal score excluded."
milk-duration,24,20,days; months; weeks,adw-measurement-accounts.json; expansion-adw-accounts.json,24,False,"BLOCKED: account-level summary; trace primary citation and preserve average versus record, wild versus captive, sex and taxonomy. No prose copied into ranking data."
newborn-mass,294,294,UNVERIFIED,discovery-mammal-parenting-Data file Stockley&Hobson.xlsx,294,False,"Compiled averages; verify original source values, sex/stage and units. AnnualFecundity and TeatRatio excluded as derived endpoints."
offspring-count,1197,1153,(high); (in <<B.c. occidentalis>>); (low); AnAge; UNVERIFIED; eggs; million; million (high); offspring/litter; reported fecundity,adw-measurement-accounts.json; discovery-arthropods.zip; discovery-fish-reproduction.tsv; discovery-mammal-parenting-Data file Stockley&Hobson.xlsx; expansion-adw-accounts.json,1197,False,"BLOCKED: account-level summary; trace primary citation and preserve average versus record, wild versus captive, sex and taxonomy. No prose copied into ranking data.; BLOCKED: literature and expert knowledge mixed without per-cell method/source in archive; CC-BY-NC license. Body-size anatomical definition, fecundity time basis and development versus maturity need verification. Thermal niche and dispersal score excluded.; BLOCKED: metadata mixes eggs per year and one ovarian batch; cannot treat as babies at once. Original references required.; Compiled averages; verify original source values, sex/stage and units. AnnualFecundity and TeatRatio excluded as derived endpoints."
pregnancy-duration,49,40,(high)  days; days; days AnAge; months,adw-measurement-accounts.json; expansion-adw-accounts.json,49,False,"BLOCKED: account-level summary; trace primary citation and preserve average versus record, wild versus captive, sex and taxonomy. No prose copied into ranking data."
reproduction-frequency,228,228,litters/year,discovery-mammal-parenting-Data file Stockley&Hobson.xlsx,228,False,"Compiled averages; verify original source values, sex/stage and units. AnnualFecundity and TeatRatio excluded as derived endpoints."
resting-energy,46,44,W AnAge,adw-measurement-accounts.json; expansion-adw-accounts.json,46,False,"BLOCKED: account-level summary; trace primary citation and preserve average versus record, wild versus captive, sex and taxonomy. No prose copied into ranking data."
vocal-repertoire,42,42,adult call types,discovery-primate-vocabulary-ZenodoData_April2026.xlsx,42,False,Adult repertoire definitions and observation effort require audit; no ancestor/model values extracted.
whisker-length,55,7,UNVERIFIED,discovery-whiskers-SupplementaryData.xlsx,55,False,BLOCKED: unit and whether repeated clips reuse specimen measurements require verification; do not aggregate clips as independent animals.
