id,bucket,high_label,low_label,interest,status,source_ids,source_urls,coverage,evidence_gate,manual_decision,game_approved
mass,Size,Heaviest,Lightest,intuitive,downloaded_source_requires_endpoint_audit,catalogs,data/animalstats/research/trait-screen-summary.json,Mixed worldwide animal groups; per-field coverage required,"Adult mass; sex, mean vs maximum and wild/captive consistent",pending,False
length,Size,Longest,Shortest,intuitive,downloaded_source_requires_endpoint_audit,catalogs,data/animalstats/research/trait-screen-summary.json,Mixed worldwide animal groups; per-field coverage required,Same anatomical endpoints; no snout-vent to total length substitution,pending,False
height,Size,Tallest,Shortest in height,intuitive,downloaded_source_requires_endpoint_audit,catalogs,data/animalstats/research/trait-screen-summary.json,Mixed worldwide animal groups; per-field coverage required,True overall standing height; no shoulder height relabeling,pending,False
wingspan,Size,Widest wingspan,Narrowest wingspan,intuitive,downloaded_source_requires_endpoint_audit,catalogs;hostplants,data/animalstats/research/trait-screen-summary.json;https://github.com/RiesLabGU/LepTraits/tree/f73317d28b38f80923ad8e02cc06d35f5c16ed1f,Mixed worldwide animal groups; per-field coverage required; Butterflies and moths; hostplant discovery and study effort bias,Fully extended tip-to-tip span; wing length is not wingspan,pending,False
tail-length,Size,Longest tail,Shortest tail,intuitive,downloaded_source_requires_endpoint_audit,catalogs,data/animalstats/research/trait-screen-summary.json,Mixed worldwide animal groups; per-field coverage required,Same sex and adult life stage; unknown is not zero,pending,False
newborn-mass,Size,Heaviest newborn,Lightest newborn,intuitive,downloaded_source_requires_endpoint_audit,catalogs,data/animalstats/research/trait-screen-summary.json,Mixed worldwide animal groups; per-field coverage required,Mass at birth; hatchling mass separate if endpoint differs,pending,False
egg-mass,Size,Heaviest egg,Lightest egg,intuitive,downloaded_source_requires_endpoint_audit,catalogs,data/animalstats/research/trait-screen-summary.json,Mixed worldwide animal groups; per-field coverage required,"Fresh egg mass, not clutch mass",pending,False
egg-length,Size,Longest egg,Shortest egg,specialist,downloaded_source_requires_endpoint_audit,catalogs,data/animalstats/research/trait-screen-summary.json,Mixed worldwide animal groups; per-field coverage required,Egg long-axis length; avoid duplicating egg size as many near-identical prizes,pending,False
maximum-speed,Movement,Fastest,Slowest,intuitive,evidence_lead,locomotion,https://doi.org/10.1002/ecy.3114,884 organisms; exclude non-animals; locomotion modes kept separate,"Measured maximum speed; running, swimming, level flight and diving context explicit",pending,False
travel-speed,Movement,Fastest traveler,Slowest traveler,intuitive,downloaded_source_requires_endpoint_audit,travel,https://doi.org/10.5281/zenodo.7554842,Eight animal groups; different sampling protocols and some unidentified taxa,Sustained measured travel speed; mean and median kept distinct,pending,False
acceleration,Movement,Fastest acceleration,Slowest acceleration,intuitive,evidence_lead,locomotion,https://doi.org/10.1002/ecy.3114,884 organisms; exclude non-animals; locomotion modes kept separate,"Observed acceleration with compatible time scale, not speed proxy",pending,False
jump-height,Movement,Highest jump,Lowest jump,intuitive,evidence_lead,jump;jump-direct,https://academic.oup.com/icb/article/59/6/1609/5545545;https://doi.org/10.5061/dryad.hdr7sqvqd,Comparative jump paper mixes calculated heights and reported measurements; primary endpoints need verification; Gerbils only; not enough for broad mixed-animal boards,Measured vertical displacement; ballistic prediction alone held,pending,False
jump-distance,Movement,Longest jump,Shortest jump,intuitive,evidence_lead,jump-direct,https://doi.org/10.5061/dryad.hdr7sqvqd,Gerbils only; not enough for broad mixed-animal boards,Measured horizontal distance; context and voluntary maximum recorded,pending,False
relative-jump,Movement,Longest jump for body size,Shortest jump for body size,specialist,evidence_lead,jump-direct,https://doi.org/10.5061/dryad.hdr7sqvqd,Gerbils only; not enough for broad mixed-animal boards,Measured displacement divided by measured same-individual body length,pending,False
migration-distance,Movement,Longest migration,Shortest migration,intuitive,evidence_lead,movement,https://www.movebank.mpg.de/cms/movebank-content/data-repository,Multiple groups and continents; public studies only; unequal deployment durations,"One defined seasonal journey, track coverage complete; residents not assigned zero",pending,False
nonstop-journey,Movement,Longest nonstop journey,Shortest nonstop journey,intuitive,evidence_lead,movement,https://www.movebank.mpg.de/cms/movebank-content/data-repository,Multiple groups and continents; public studies only; unequal deployment durations,Continuous tracked journey; define allowable stops and sampling interval,pending,False
daily-distance,Movement,Most distance in a day,Least distance in a day,intuitive,evidence_lead,movement,https://www.movebank.mpg.de/cms/movebank-content/data-repository,Multiple groups and continents; public studies only; unequal deployment durations,Complete 24-hour tracks at comparable resolution; not displacement between two fixes,pending,False
lifetime-distance,Movement,Most lifetime travel,Least lifetime travel,intuitive,no_comparable_source_yet,,,,Need complete lifetime tracking; daily distance multiplied by lifespan rejected,pending,False
flight-altitude,Movement,Highest flight,Lowest flight,intuitive,evidence_lead,movement,https://www.movebank.mpg.de/cms/movebank-content/data-repository,Multiple groups and continents; public studies only; unequal deployment durations,Measured flight altitude; above sea level and ground kept separate,pending,False
turn-radius,Movement,Tightest turn,Widest turn,specialist,evidence_lead,locomotion,https://doi.org/10.1002/ecy.3114,884 organisms; exclude non-animals; locomotion modes kept separate,Powered minimum turn radius; same speed context; prevent agility relabeling,pending,False
turn-speed,Movement,Fastest turn,Slowest turn,specialist,evidence_lead,locomotion,https://doi.org/10.1002/ecy.3114,884 organisms; exclude non-animals; locomotion modes kept separate,Measured angular speed; not a general agility score,pending,False
dive-depth,Diving,Deepest dive,Shallowest dive,intuitive,evidence_lead,bird-diving;movement,https://doi.org/10.5061/dryad.z612jm6rq;https://www.movebank.mpg.de/cms/movebank-content/data-repository,"Birds only; global literature, measured logger and stopwatch protocols; Multiple groups and continents; public studies only; unequal deployment durations",Observed maximum dive depth; habitat depth is a different trait,pending,False
dive-duration,Diving,Longest dive,Shortest dive,intuitive,downloaded_source_requires_endpoint_audit,diving,https://doi.org/10.5061/dryad.tqjq2bvv9,"Insects, amphibians, reptiles, birds and mammals; literature with study context",Reported observed maximum; do not call oxygen limitation or generic breath-hold,pending,False
breath-hold,Diving,Longest breath hold,Shortest breath hold,intuitive,no_comparable_source_yet,,,,Respiration measured directly; diving duration and cutaneous respiration not equivalent,pending,False
bite-force,Strength,Strongest bite,Weakest bite,intuitive,downloaded_source_requires_endpoint_audit,bite;bite-vertebrate,https://doi.org/10.1038/s41597-023-02731-w;https://doi.org/10.1242/jeb.106385,"654 insect species, 13 orders, four continents; independent specimen gates; Vertebrate literature; gape, biting point and substrate matter","Measured force in newtons; voluntary bite point, gape and substrate compatible",pending,False
relative-bite,Strength,Strongest bite for body weight,Weakest bite for body weight,specialist,downloaded_source_requires_endpoint_audit,bite,https://doi.org/10.1038/s41597-023-02731-w,"654 insect species, 13 orders, four continents; independent specimen gates",Force/body weight from same measured specimens; no allometric residuals,pending,False
pull-force,Strength,Strongest pull,Weakest pull,intuitive,limited_or_context_only_source,pull,https://pmc.ncbi.nlm.nih.gov/articles/PMC4011365/,"One beetle species; method lead, not a cross-species table","Instrumented pulling test; clinging, pushing and lifting are separate",pending,False
relative-pull,Strength,Strongest pull for body weight,Weakest pull for body weight,specialist,limited_or_context_only_source,pull,https://pmc.ncbi.nlm.nih.gov/articles/PMC4011365/,"One beetle species; method lead, not a cross-species table",Direct measured pulling force divided by same specimen weight,pending,False
carrying-load,Strength,Heaviest load carried,Lightest load carried,intuitive,no_comparable_source_yet,,,,Compatible carried-load task; anecdotal carrying claims not approved,pending,False
lifting-load,Strength,Heaviest lift,Lightest lift,intuitive,no_comparable_source_yet,,,,Direct lifted load; reject muscle mass as strength proxy,pending,False
visual-acuity,Senses,Sharpest vision,Least sharp vision,intuitive,evidence_lead,vision,https://doi.org/10.1016/j.tree.2018.03.001,Hundreds of animals; anatomical estimates and behavioral tests mixed,Shared acuity protocol and cycles/degree; estimated retinal acuity separate,pending,False
highest-audible-frequency,Senses,Hears highest pitch,Lowest upper hearing limit,specialist,evidence_lead,hearing,https://www.animalaudiograms.org/apidoc,"Multiple animal groups; air/water, age, method, threshold and frequency required",Same SPL criterion and medium; highest tested frequency not assumed true limit,pending,False
lowest-audible-frequency,Senses,Hears lowest pitch,Highest lower hearing limit,specialist,evidence_lead,hearing,https://www.animalaudiograms.org/apidoc,"Multiple animal groups; air/water, age, method, threshold and frequency required",Measured boundary at same SPL; no extrapolation beyond audiogram,pending,False
hearing-threshold,Senses,Hears quietest sound,Needs loudest sound to hear,specialist,evidence_lead,hearing,https://www.animalaudiograms.org/apidoc,"Multiple animal groups; air/water, age, method, threshold and frequency required","Threshold at shared frequency, same air/water reference and test method",pending,False
odor-detection,Senses,Detects faintest smell,Needs strongest smell,specialist,downloaded_source_requires_endpoint_audit,smell,https://doi.org/10.5061/dryad.73n5tb33v,20 mammal species; individual odors and identical discrimination tasks,Same odor compound and units; no universal best-smell claim,pending,False
odor-discrimination,Senses,Best at telling smells apart,Worst at telling smells apart,specialist,downloaded_source_requires_endpoint_audit,smell,https://doi.org/10.5061/dryad.73n5tb33v,20 mammal species; individual odors and identical discrimination tasks,"Identical odor-pair task, protocol and success endpoint",pending,False
call-loudness,Sound,Loudest call,Quietest call,intuitive,evidence_lead,sound;sound-review,https://doi.org/10.5061/dryad.cnp5hqchb;https://doi.org/10.3389/fevo.2021.657254,17 European songbird species; context and corrected distance recorded; Air and underwater measurements; different reference pressures,Calibrated source level at stated distance; air/water and weighting separated,pending,False
call-pitch,Sound,Highest-pitched call,Lowest-pitched call,intuitive,evidence_lead,sound-review,https://doi.org/10.3389/fevo.2021.657254,Air and underwater measurements; different reference pressures,Same fundamental/peak-frequency endpoint; harmonics not mixed,pending,False
food-class-breadth,Feeding,Most varied food types,Fewest food types,intuitive,downloaded_source_requires_endpoint_audit,food-types;catalogs,https://doi.org/10.5061/dryad.83bk3j9vk;data/animalstats/research/trait-screen-summary.json,"1437 terrestrial mammals; four explicit food classes, not prey-species counts; Mixed worldwide animal groups; per-field coverage required",Fixed documented food-class scheme; not number of prey species,pending,False
prey-species-breadth,Feeding,Most prey species,Fewest prey species,intuitive,downloaded_source_requires_endpoint_audit,diet,https://doi.org/10.5061/dryad.2v6wwpzmr,103 terrestrial carnivorous mammals; study/site/time and diet methods retained,Matched study effort and taxonomic resolution; unknown prey not separate species,pending,False
hostplant-breadth,Feeding,Most food plants,Fewest food plants,intuitive,downloaded_source_requires_endpoint_audit,hostplants,https://github.com/RiesLabGU/LepTraits/tree/f73317d28b38f80923ad8e02cc06d35f5c16ed1f,Butterflies and moths; hostplant discovery and study effort bias,Observed unique hostplant species; study coverage and larval life stage explicit,pending,False
daily-food-mass,Feeding,Eats most per day,Eats least per day,intuitive,limited_or_context_only_source,food-intake,https://doi.org/10.5061/dryad.857dd,One mammal species; daily food measurements; no cross-species database yet,"Direct daily mass consumed; wet/dry, age, activity and captivity standardized",pending,False
relative-food-intake,Feeding,Eats most for body weight,Eats least for body weight,specialist,limited_or_context_only_source,food-intake,https://doi.org/10.5061/dryad.857dd,One mammal species; daily food measurements; no cross-species database yet,Daily measured intake divided by same-specimen mass; no metabolic-model conversion,pending,False
fasting-duration,Feeding,Longest without food,Shortest without food,intuitive,limited_or_context_only_source,fasting,https://doi.org/10.1086/504614,Sand gazelles only; imposed restriction is not maximum endurance,Observed natural fasting duration; restriction study length is not maximum survival,pending,False
feeding-time,Feeding,Most time eating,Least time eating,intuitive,no_comparable_source_yet,,,,Shared complete-day behavioral sampling; no categorical diet score conversion,pending,False
water-independence,Survival,Longest without drinking,Shortest without drinking,intuitive,limited_or_context_only_source,fasting,https://doi.org/10.1086/504614,Sand gazelles only; imposed restriction is not maximum endurance,Measured interval and diet water explicit; restriction not maximum capacity,pending,False
heat-tolerance,Survival,Tolerates highest temperature,Lowest upper temperature limit,intuitive,downloaded_source_requires_endpoint_audit,thermal,https://doi.org/10.1038/sdata.2018.22,Multiple groups; remove non-animals; critical vs lethal endpoints separate,Same critical/lethal endpoint and acclimation/ramp protocol,pending,False
cold-tolerance,Survival,Tolerates lowest temperature,Highest lower temperature limit,intuitive,downloaded_source_requires_endpoint_audit,thermal,https://doi.org/10.1038/sdata.2018.22,Multiple groups; remove non-animals; critical vs lethal endpoints separate,Same endpoint; body temperature minima not environmental tolerance,pending,False
social-group-size,Social life,Largest social group,Smallest social group,intuitive,downloaded_source_requires_endpoint_audit,social,data/animalstats/research/gap-source-manifest.json,Mammals worldwide; reported fields may still contain underlying estimates,"Stable observed group size; aggregation, family and feeding flock kept distinct",pending,False
colony-size,Social life,Largest colony,Smallest colony,intuitive,no_comparable_source_yet,,,,Measured natural colony population; workers vs all members explicit; mature stage,pending,False
solitary-time,Social life,Most time alone,Least time alone,intuitive,no_comparable_source_yet,,,,Numerical observation time; solitary/social binary not continuous solitude ranking,pending,False
nest-width,Construction,Widest nest,Narrowest nest,intuitive,evidence_lead,nests,https://doi.org/10.1111/geb.13783,Birds globally; numerical building time and dimensions alongside nominal types,Same external axis and individual nest vs communal colony structure,pending,False
nest-mass,Construction,Heaviest nest,Lightest nest,intuitive,no_comparable_source_yet,,,,Actual nest mass; no volume-density conversion,pending,False
building-time,Construction,Longest to build a nest,Quickest to build a nest,intuitive,evidence_lead,nests,https://doi.org/10.1111/geb.13783,Birds globally; numerical building time and dimensions alongside nominal types,Completed construction days; shared vs individual labor recorded,pending,False
nest-height,Construction,Highest nest above ground,Lowest nest above ground,intuitive,evidence_lead,nests,https://doi.org/10.1111/geb.13783,Birds globally; numerical building time and dimensions alongside nominal types,Observed placement height; not physical nest height,pending,False
burrow-length,Construction,Longest burrow,Shortest burrow,intuitive,limited_or_context_only_source,burrows,https://pmc.ncbi.nlm.nih.gov/articles/PMC10744952/,"One vole species; local surveyed burrows, not mammal-wide records",Measured complete tunnel system; occupied shared system vs individual explicit,pending,False
burrow-depth,Construction,Deepest burrow,Shallowest burrow,intuitive,limited_or_context_only_source,burrows,https://pmc.ncbi.nlm.nih.gov/articles/PMC10744952/,"One vole species; local surveyed burrows, not mammal-wide records",Maximum depth from surface with surveyed extent known,pending,False
mound-height,Construction,Tallest mound,Shortest mound,intuitive,no_comparable_source_yet,,,,Measured built structure; species attribution and colony age required,pending,False
dam-length,Construction,Longest dam,Shortest dam,intuitive,no_comparable_source_yet,,,,"Mapped dam length; limited species diversity, likely hold",pending,False
global-abundance,Population,Most animals worldwide,Fewest animals worldwide,intuitive,evidence_lead,iucn,https://www.iucnredlist.org/,"Global assessed animals; date, population intervals and DD/NE must be retained","Comparable dated global counts; preserve intervals, wild/domestic and life stage",pending,False
local-density,Population,Most crowded population,Least crowded population,specialist,downloaded_source_requires_endpoint_audit,social;population,data/animalstats/research/gap-source-manifest.json;https://www.livingplanetindex.org/data_portal,"Mammals worldwide; reported fields may still contain underlying estimates; Monitored vertebrate populations; local counts, densities and abundance proxies mixed",Observed local individuals per area; not global abundance or modeled density,pending,False
population-change,Population,Biggest population increase,Biggest population decline,intuitive,evidence_lead,population,https://www.livingplanetindex.org/data_portal,"Monitored vertebrate populations; local counts, densities and abundance proxies mixed","Same fixed period, same local count endpoint and complete series; no mixed proxies",pending,False
threat-category,Conservation,Most endangered,Least endangered,intuitive,evidence_lead,iucn,https://www.iucnredlist.org/,"Global assessed animals; date, population intervals and DD/NE must be retained",Ordered threat categories with ties; DD/NE not least threatened,pending,False
range-loss,Conservation,Most range lost,Least range lost,intuitive,evidence_lead,iucn,https://www.iucnredlist.org/,"Global assessed animals; date, population intervals and DD/NE must be retained",Comparable historical/current maps and baseline dates; occurrence gaps not absence,pending,False
tooth-count,Anatomy,Most teeth,Fewest teeth,intuitive,no_comparable_source_yet,,,,Adult functional tooth count; replacement teeth and sexes separated,pending,False
leg-count,Anatomy,Most legs,Fewest legs,intuitive,no_comparable_source_yet,,,,"Adult anatomical definition; normal development, many ties; fins not legs",pending,False
ear-length,Anatomy,Longest ears,Shortest ears,intuitive,limited_or_context_only_source,anatomy,https://academic.oup.com/mspecies/article/50/959/34/5075367,Species accounts; illustrative gaur account includes ears and horns; broader audit needed,"Same anatomical axis, sex and adult age; internal ear not comparable",pending,False
horn-length,Anatomy,Longest horns,Shortest horns,intuitive,evidence_lead,horns,https://doi.org/10.5061/dryad.fxpnvx16w,"115 bovids, 80 female horned; sex-specific published maxima",Sex-specific same curve measurement; hornless zero only documented explicitly,pending,False
antler-length,Anatomy,Longest antlers,Shortest antlers,intuitive,evidence_lead,antlers,https://pmc.ncbi.nlm.nih.gov/articles/PMC3982432/,31 male cervid species lengths; 20 antler weights; seasonal development,Mature antlers same sex/season and measurement; horns not antlers,pending,False
eye-diameter,Anatomy,Largest eyes,Smallest eyes,intuitive,no_comparable_source_yet,,,,Measured whole-eye diameter; cornea length and compound eye span separate,pending,False
fur-length,Anatomy,Longest fur,Shortest fur,intuitive,no_comparable_source_yet,,,,Same hair type and body location; seasonal coat recorded,pending,False
body-fat,Anatomy,Most body fat,Least body fat,intuitive,limited_or_context_only_source,seasonal,https://doi.org/10.1007/s00360-022-01466-1,Alpine marmots; one species; body mass variation is not fat percentage,Direct comparable body-composition measurement; mass variation not fat proxy,pending,False
brain-mass,Anatomy,Heaviest brain,Lightest brain,specialist,downloaded_source_requires_endpoint_audit,catalogs,data/animalstats/research/trait-screen-summary.json,Mixed worldwide animal groups; per-field coverage required,Measured wet brain mass; never an intelligence ranking,pending,False
beak-length,Anatomy,Longest beak,Shortest beak,specialist,downloaded_source_requires_endpoint_audit,catalogs,data/animalstats/research/trait-screen-summary.json,Mixed worldwide animal groups; per-field coverage required,Shared culmen measurement; full bill length and culmen not automatically equivalent,pending,False
sleep-duration,Routines,Sleeps most,Sleeps least,intuitive,evidence_lead,sleep,https://pmc.ncbi.nlm.nih.gov/articles/PMC2576738/,"Mammals; recording duration, EEG vs behavior, captivity and feeding documented",Measured sleep over comparable full-day recordings; captivity and detection method explicit,pending,False
sleep-bout,Routines,Longest sleep stretch,Shortest sleep stretch,intuitive,evidence_lead,sleep,https://pmc.ncbi.nlm.nih.gov/articles/PMC2576738/,"Mammals; recording duration, EEG vs behavior, captivity and feeding documented",Same wake-interruption definition; longest vs average bout separated,pending,False
torpor-duration,Routines,Longest torpor spell,Shortest torpor spell,specialist,downloaded_source_requires_endpoint_audit,torpor,https://doi.org/10.1111/brv.12137,"214 bird/mammal species; numerical table downloaded; duration, temperature and metabolism endpoints",Actual bout hours/days; phenotype labels excluded; torpor is not sleep,pending,False
hibernation-season,Routines,Longest hibernation season,Shortest hibernation season,intuitive,no_comparable_source_yet,,,,"Observed seasonal start/end, including arousals; not single torpor bout length",pending,False
daytime-activity,Routines,Most active in daytime,Least active in daytime,intuitive,no_comparable_source_yet,,,,Measured fraction of comparable full-day activity; nocturnal/diurnal codes insufficient,pending,False
lifespan,Development,Longest lived,Shortest lived,intuitive,downloaded_source_requires_endpoint_audit,catalogs,data/animalstats/research/trait-screen-summary.json,Mixed worldwide animal groups; per-field coverage required,Observed records separated from typical life expectancy; wild/captive consistency,pending,False
maturity-age,Development,Latest adulthood,Earliest adulthood,intuitive,downloaded_source_requires_endpoint_audit,catalogs,data/animalstats/research/trait-screen-summary.json,Mixed worldwide animal groups; per-field coverage required,Sexual maturity measured; not full adult body size,pending,False
growth-rate,Development,Fastest growth,Slowest growth,intuitive,evidence_lead,growth,https://doi.org/10.5061/dryad.7187d,Comparative growth data; fitted growth coefficients are not raw growth rates,Direct comparable mass/time stage; fitted coefficients not raw growth,pending,False
relative-growth,Development,Most growth from birth,Least growth from birth,intuitive,downloaded_source_requires_endpoint_audit,catalogs,data/animalstats/research/trait-screen-summary.json,Mixed worldwide animal groups; per-field coverage required,Measured birth/adult mass ratio with compatible sex/context; ratio not daily growth,pending,False
larval-duration,Development,Longest larval stage,Shortest larval stage,specialist,evidence_lead,development,https://doi.org/10.5061/dryad.vx0k6djrp,Multiple larval-stage animals including crustaceans and insects,Observed duration under same temperature; stage identity and natural/captive explicit,pending,False
metamorphosis-duration,Development,Longest transformation,Quickest transformation,intuitive,evidence_lead,development,https://doi.org/10.5061/dryad.vx0k6djrp,Multiple larval-stage animals including crustaceans and insects,Defined transition start/end; total childhood is separate,pending,False
pregnancy-duration,Parenting,Longest pregnancy,Shortest pregnancy,intuitive,downloaded_source_requires_endpoint_audit,catalogs,data/animalstats/research/trait-screen-summary.json,Mixed worldwide animal groups; per-field coverage required,Same conception-to-birth endpoint; delayed implantation kept explicit,pending,False
incubation-duration,Parenting,Slowest eggs to hatch,Quickest eggs to hatch,intuitive,downloaded_source_requires_endpoint_audit,catalogs,data/animalstats/research/trait-screen-summary.json,Mixed worldwide animal groups; per-field coverage required,Same incubation onset definition and environmental temperature,pending,False
offspring-count,Parenting,Most babies at once,Fewest babies at once,intuitive,downloaded_source_requires_endpoint_audit,catalogs,data/animalstats/research/trait-screen-summary.json,Mixed worldwide animal groups; per-field coverage required,Clutch/litter per event; annual fecundity not brood size,pending,False
milk-duration,Parenting,Longest nursing,Shortest nursing,intuitive,downloaded_source_requires_endpoint_audit,catalogs,data/animalstats/research/trait-screen-summary.json,Mixed worldwide animal groups; per-field coverage required,Age at complete weaning; nursing frequency not duration,pending,False
care-duration,Parenting,Longest parental care,Shortest parental care,intuitive,limited_or_context_only_source,care,https://doi.org/10.5061/dryad.5d4fh,Care type/presence is categorical; does not support longest-care duration,Actual duration to independence; paternal-care presence does not measure time,pending,False
reproduction-frequency,Parenting,Most litters per year,Fewest litters per year,intuitive,downloaded_source_requires_endpoint_audit,catalogs,data/animalstats/research/trait-screen-summary.json,Mixed worldwide animal groups; per-field coverage required,Observed annual frequency; theoretical capacity not normal production,pending,False
wound-closure,Healing,Fastest wound healing,Slowest wound healing,specialist,evidence_lead,healing,https://doi.org/10.5061/dryad.6hdr7srbs,"Primates and rodents; different injuries, uncertain ordering among nonhuman species",Same injury/site/size and treatment; uncertainty must permit a defensible order,pending,False
tail-regrowth,Healing,Fastest tail regrowth,Slowest tail regrowth,specialist,evidence_lead,regrowth,https://doi.org/10.5061/dryad.f7m0cfxv9,Five wall lizard species; narrow specialist comparison only,"Measured elongation at compatible injury, temperature and age; narrow lizard coverage",pending,False
regeneration-time,Healing,Quickest limb regrowth,Slowest limb regrowth,intuitive,limited_or_context_only_source,regeneration,https://doi.org/10.1146/annurev.cellbio.24.110707.175336,Qualitative capabilities; no common whole-animal regeneration score,Same appendage and completion endpoint; capability binary not a speed,pending,False
seasonal-weight-change,Seasons,Biggest seasonal weight change,Smallest seasonal weight change,intuitive,limited_or_context_only_source,seasonal,https://doi.org/10.1007/s00360-022-01466-1,Alpine marmots; one species; body mass variation is not fat percentage,Repeated direct same-individual mass; one species source insufficient,pending,False
breeding-season,Seasons,Longest breeding season,Shortest breeding season,intuitive,no_comparable_source_yet,,,,"Defined local population season, same hemisphere protocol; global span not local duration",pending,False
range-area,Geography,Largest range,Smallest range,intuitive,downloaded_source_requires_endpoint_audit,catalogs;iucn,data/animalstats/research/trait-screen-summary.json;https://www.iucnredlist.org/,"Mixed worldwide animal groups; per-field coverage required; Global assessed animals; date, population intervals and DD/NE must be retained",Same mapped native range definition; EOO and occupied area separate,pending,False
country-count,Geography,Most native countries,Fewest native countries,intuitive,evidence_lead,iucn,https://www.iucnredlist.org/,"Global assessed animals; date, population intervals and DD/NE must be retained","Explicit native country list; vagrants, introduced and disputed territory policy",pending,False
continent-count,Geography,Most native continents,Fewest native continents,intuitive,evidence_lead,iucn,https://www.iucnredlist.org/,"Global assessed animals; date, population intervals and DD/NE must be retained",Fixed continent convention and native presence; ties expected,pending,False
maximum-elevation,Geography,Lives highest up,Lowest upper elevation,specialist,downloaded_source_requires_endpoint_audit,catalogs;iucn,data/animalstats/research/trait-screen-summary.json;https://www.iucnredlist.org/,"Mixed worldwide animal groups; per-field coverage required; Global assessed animals; date, population intervals and DD/NE must be retained",Observed habitat upper limit; aircraft/flight records excluded,pending,False
habitat-depth,Geography,Lives deepest,Shallowest lower habitat limit,specialist,downloaded_source_requires_endpoint_audit,catalogs,data/animalstats/research/trait-screen-summary.json,Mixed worldwide animal groups; per-field coverage required,Recorded habitat range; no dive-performance relabeling,pending,False
home-range,Geography,Largest home territory,Smallest home territory,intuitive,downloaded_source_requires_endpoint_audit,social,data/animalstats/research/gap-source-manifest.json,Mammals worldwide; reported fields may still contain underlying estimates,Observed home-range area with shared estimator/context; not species geographic range,pending,False
cylinder-task,Cognition,Best at the cylinder puzzle,Worst at the cylinder puzzle,specialist,downloaded_source_requires_endpoint_audit,cognition,https://figshare.com/articles/dataset/MacLean_et_al_PNAS_2014_Self_Control_Data/5579335,Birds/mammals; shared A-not-B and cylinder tests; no general IQ ranking,Same trials and apparatus; percent correct only; no IQ or smartest claim,pending,False
a-not-b-task,Cognition,Best at the hidden-food test,Worst at the hidden-food test,specialist,downloaded_source_requires_endpoint_audit,cognition,https://figshare.com/articles/dataset/MacLean_et_al_PNAS_2014_Self_Control_Data/5579335,Birds/mammals; shared A-not-B and cylinder tests; no general IQ ranking,Same A-not-B protocol; uncertainty and chance performance retained,pending,False
learning-trials,Cognition,Learns a shared task quickest,Learns a shared task slowest,specialist,downloaded_source_requires_endpoint_audit,cognition,https://figshare.com/articles/dataset/MacLean_et_al_PNAS_2014_Self_Control_Data/5579335,Birds/mammals; shared A-not-B and cylinder tests; no general IQ ranking,Same criterion/warmup protocol; censoring of failures retained,pending,False
memory-retention,Cognition,Longest memory in a shared test,Shortest memory in a shared test,specialist,no_comparable_source_yet,,,,Same task/delay/success criterion; anecdotes not comparable,pending,False
fossil-first-occurrence,History,Oldest known fossils,Youngest known fossils,intuitive,evidence_lead,fossils,https://doi.org/10.1017/PAB.2015.39,Global fossil taxa; species/genus/clade ranks and geological intervals separate,Same taxonomic rank; interval bounds retained; oldest known fossil not true origin,pending,False
description-year,History,Named by science longest ago,Named by science most recently,intuitive,evidence_lead,description,https://www.catalogueoflife.org/howto/access,Global taxa; authorship year can refer to a later combination; verify original description,"Verify original formal description, accepted species and synonym history",pending,False
domestication-date,History,Domesticated longest ago,Domesticated most recently,intuitive,evidence_lead,domestication,https://doi.org/10.1146/annurev-animal-022516-022747,Domestic lineages; archaeological bounds and competing origins retained,Archaeological evidence ranges; domestic lineage scope and independent events explicit,pending,False
extinction-date,History,Extinct longest ago,Extinct most recently,intuitive,evidence_lead,iucn,https://www.iucnredlist.org/,"Global assessed animals; date, population intervals and DD/NE must be retained",Verified extinction year/range; last sighting not declared extinction date,pending,False
rediscovery-gap,History,Longest gap before rediscovery,Shortest gap before rediscovery,intuitive,evidence_lead,translocation,https://www.iucn-ctsg.org/resources/ctsg-books/,Selected global case studies; national reintroduction is not global species rediscovery,Confirmed last/rediscovery records of same species; local recovery not rediscovery,pending,False
reintroduction-date,History,Reintroduced longest ago,Reintroduced most recently,intuitive,evidence_lead,translocation,https://www.iucn-ctsg.org/resources/ctsg-books/,Selected global case studies; national reintroduction is not global species rediscovery,Specify region and verified released population; introduction not reintroduction,pending,False
