catalog,field,nonMissing,interest,decision,measurementReview
combine-reported,order,6263,unrated/context: manual review,pending,Reported table only; not the imputed table. Upstream sources can still contain estimates: join per-trait sources and inspect original methods. Diet percentages and dispersal must not be presumed directly measured.
combine-reported,family,6263,unrated/context: manual review,pending,Reported table only; not the imputed table. Upstream sources can still contain estimates: join per-trait sources and inspect original methods. Diet percentages and dispersal must not be presumed directly measured.
combine-reported,genus,6263,unrated/context: manual review,pending,Reported table only; not the imputed table. Upstream sources can still contain estimates: join per-trait sources and inspect original methods. Diet percentages and dispersal must not be presumed directly measured.
combine-reported,species,6263,unrated/context: manual review,pending,Reported table only; not the imputed table. Upstream sources can still contain estimates: join per-trait sources and inspect original methods. Diet percentages and dispersal must not be presumed directly measured.
combine-reported,iucn2020_binomial,6263,unrated/context: manual review,pending,Reported table only; not the imputed table. Upstream sources can still contain estimates: join per-trait sources and inspect original methods. Diet percentages and dispersal must not be presumed directly measured.
combine-reported,phylacine_binomial,6263,unrated/context: manual review,pending,Reported table only; not the imputed table. Upstream sources can still contain estimates: join per-trait sources and inspect original methods. Diet percentages and dispersal must not be presumed directly measured.
combine-reported,adult_mass_g,6033,priority familiar candidate,pending,Reported table only; not the imputed table. Upstream sources can still contain estimates: join per-trait sources and inspect original methods. Diet percentages and dispersal must not be presumed directly measured.
combine-reported,adult_body_length_mm,4175,priority familiar candidate,pending,Reported table only; not the imputed table. Upstream sources can still contain estimates: join per-trait sources and inspect original methods. Diet percentages and dispersal must not be presumed directly measured.
combine-reported,dispersal_km,4360,unrated/context: manual review,pending,Reported table only; not the imputed table. Upstream sources can still contain estimates: join per-trait sources and inspect original methods. Diet percentages and dispersal must not be presumed directly measured.
combine-reported,dphy_invertebrate,6058,unrated/context: manual review,pending,Reported table only; not the imputed table. Upstream sources can still contain estimates: join per-trait sources and inspect original methods. Diet percentages and dispersal must not be presumed directly measured.
combine-reported,dphy_vertebrate,6058,unrated/context: manual review,pending,Reported table only; not the imputed table. Upstream sources can still contain estimates: join per-trait sources and inspect original methods. Diet percentages and dispersal must not be presumed directly measured.
combine-reported,dphy_plant,6058,unrated/context: manual review,pending,Reported table only; not the imputed table. Upstream sources can still contain estimates: join per-trait sources and inspect original methods. Diet percentages and dispersal must not be presumed directly measured.
combine-reported,det_inv,4658,unrated/context: manual review,pending,Reported table only; not the imputed table. Upstream sources can still contain estimates: join per-trait sources and inspect original methods. Diet percentages and dispersal must not be presumed directly measured.
combine-reported,det_vend,4658,unrated/context: manual review,pending,Reported table only; not the imputed table. Upstream sources can still contain estimates: join per-trait sources and inspect original methods. Diet percentages and dispersal must not be presumed directly measured.
combine-reported,det_vect,4658,unrated/context: manual review,pending,Reported table only; not the imputed table. Upstream sources can still contain estimates: join per-trait sources and inspect original methods. Diet percentages and dispersal must not be presumed directly measured.
combine-reported,det_vfish,4658,unrated/context: manual review,pending,Reported table only; not the imputed table. Upstream sources can still contain estimates: join per-trait sources and inspect original methods. Diet percentages and dispersal must not be presumed directly measured.
combine-reported,det_vunk,4658,unrated/context: manual review,pending,Reported table only; not the imputed table. Upstream sources can still contain estimates: join per-trait sources and inspect original methods. Diet percentages and dispersal must not be presumed directly measured.
combine-reported,det_scav,4658,unrated/context: manual review,pending,Reported table only; not the imputed table. Upstream sources can still contain estimates: join per-trait sources and inspect original methods. Diet percentages and dispersal must not be presumed directly measured.
combine-reported,det_fruit,4658,unrated/context: manual review,pending,Reported table only; not the imputed table. Upstream sources can still contain estimates: join per-trait sources and inspect original methods. Diet percentages and dispersal must not be presumed directly measured.
combine-reported,det_nect,4658,unrated/context: manual review,pending,Reported table only; not the imputed table. Upstream sources can still contain estimates: join per-trait sources and inspect original methods. Diet percentages and dispersal must not be presumed directly measured.
combine-reported,det_seed,4658,unrated/context: manual review,pending,Reported table only; not the imputed table. Upstream sources can still contain estimates: join per-trait sources and inspect original methods. Diet percentages and dispersal must not be presumed directly measured.
combine-reported,det_plantother,4658,unrated/context: manual review,pending,Reported table only; not the imputed table. Upstream sources can still contain estimates: join per-trait sources and inspect original methods. Diet percentages and dispersal must not be presumed directly measured.
combine-reported,det_diet_breadth_n,4658,priority familiar candidate,pending,Reported table only; not the imputed table. Upstream sources can still contain estimates: join per-trait sources and inspect original methods. Diet percentages and dispersal must not be presumed directly measured.
combine-reported,trophic_level,5717,unrated/context: manual review,pending,Reported table only; not the imputed table. Upstream sources can still contain estimates: join per-trait sources and inspect original methods. Diet percentages and dispersal must not be presumed directly measured.
combine-reported,foraging_stratum,5646,unrated/context: manual review,pending,Reported table only; not the imputed table. Upstream sources can still contain estimates: join per-trait sources and inspect original methods. Diet percentages and dispersal must not be presumed directly measured.
combine-reported,freshwater,5930,unrated/context: manual review,pending,Reported table only; not the imputed table. Upstream sources can still contain estimates: join per-trait sources and inspect original methods. Diet percentages and dispersal must not be presumed directly measured.
combine-reported,marine,5930,unrated/context: manual review,pending,Reported table only; not the imputed table. Upstream sources can still contain estimates: join per-trait sources and inspect original methods. Diet percentages and dispersal must not be presumed directly measured.
combine-reported,terrestrial_non-volant,5930,unrated/context: manual review,pending,Reported table only; not the imputed table. Upstream sources can still contain estimates: join per-trait sources and inspect original methods. Diet percentages and dispersal must not be presumed directly measured.
combine-reported,terrestrial_volant,5930,unrated/context: manual review,pending,Reported table only; not the imputed table. Upstream sources can still contain estimates: join per-trait sources and inspect original methods. Diet percentages and dispersal must not be presumed directly measured.
combine-reported,biogeographical_realm,5749,unrated/context: manual review,pending,Reported table only; not the imputed table. Upstream sources can still contain estimates: join per-trait sources and inspect original methods. Diet percentages and dispersal must not be presumed directly measured.
combine-reported,habitat_breadth_n,5656,unrated/context: manual review,pending,Reported table only; not the imputed table. Upstream sources can still contain estimates: join per-trait sources and inspect original methods. Diet percentages and dispersal must not be presumed directly measured.
combine-reported,adult_brain_mass_g,1836,unrated/context: manual review,pending,Reported table only; not the imputed table. Upstream sources can still contain estimates: join per-trait sources and inspect original methods. Diet percentages and dispersal must not be presumed directly measured.
combine-reported,teat_number_n,680,unrated/context: manual review,pending,Reported table only; not the imputed table. Upstream sources can still contain estimates: join per-trait sources and inspect original methods. Diet percentages and dispersal must not be presumed directly measured.
combine-reported,litter_size_n,3769,unrated/context: manual review,pending,Reported table only; not the imputed table. Upstream sources can still contain estimates: join per-trait sources and inspect original methods. Diet percentages and dispersal must not be presumed directly measured.
combine-reported,hibernation_torpor,3193,unrated/context: manual review,pending,Reported table only; not the imputed table. Upstream sources can still contain estimates: join per-trait sources and inspect original methods. Diet percentages and dispersal must not be presumed directly measured.
combine-reported,fossoriality,2894,unrated/context: manual review,pending,Reported table only; not the imputed table. Upstream sources can still contain estimates: join per-trait sources and inspect original methods. Diet percentages and dispersal must not be presumed directly measured.
combine-reported,activity_cycle,5071,unrated/context: manual review,pending,Reported table only; not the imputed table. Upstream sources can still contain estimates: join per-trait sources and inspect original methods. Diet percentages and dispersal must not be presumed directly measured.
combine-reported,upper_elevation_m,3174,unrated/context: manual review,pending,Reported table only; not the imputed table. Upstream sources can still contain estimates: join per-trait sources and inspect original methods. Diet percentages and dispersal must not be presumed directly measured.
combine-reported,lower_elevation_m,2915,unrated/context: manual review,pending,Reported table only; not the imputed table. Upstream sources can still contain estimates: join per-trait sources and inspect original methods. Diet percentages and dispersal must not be presumed directly measured.
combine-reported,altitude_breadth_m,2713,unrated/context: manual review,pending,Reported table only; not the imputed table. Upstream sources can still contain estimates: join per-trait sources and inspect original methods. Diet percentages and dispersal must not be presumed directly measured.
combine-reported,island_dwelling,3156,unrated/context: manual review,pending,Reported table only; not the imputed table. Upstream sources can still contain estimates: join per-trait sources and inspect original methods. Diet percentages and dispersal must not be presumed directly measured.
combine-reported,disected_by_mountains,3156,unrated/context: manual review,pending,Reported table only; not the imputed table. Upstream sources can still contain estimates: join per-trait sources and inspect original methods. Diet percentages and dispersal must not be presumed directly measured.
combine-reported,glaciation,3156,unrated/context: manual review,pending,Reported table only; not the imputed table. Upstream sources can still contain estimates: join per-trait sources and inspect original methods. Diet percentages and dispersal must not be presumed directly measured.
combine-reported,max_longevity_d,2754,priority familiar candidate,pending,Reported table only; not the imputed table. Upstream sources can still contain estimates: join per-trait sources and inspect original methods. Diet percentages and dispersal must not be presumed directly measured.
combine-reported,litters_per_year_n,2306,unrated/context: manual review,pending,Reported table only; not the imputed table. Upstream sources can still contain estimates: join per-trait sources and inspect original methods. Diet percentages and dispersal must not be presumed directly measured.
combine-reported,density_n_km2,1263,unrated/context: manual review,pending,Reported table only; not the imputed table. Upstream sources can still contain estimates: join per-trait sources and inspect original methods. Diet percentages and dispersal must not be presumed directly measured.
combine-reported,gestation_length_d,2376,priority familiar candidate,pending,Reported table only; not the imputed table. Upstream sources can still contain estimates: join per-trait sources and inspect original methods. Diet percentages and dispersal must not be presumed directly measured.
combine-reported,neonate_mass_g,2030,unrated/context: manual review,pending,Reported table only; not the imputed table. Upstream sources can still contain estimates: join per-trait sources and inspect original methods. Diet percentages and dispersal must not be presumed directly measured.
combine-reported,maturity_d,2155,unrated/context: manual review,pending,Reported table only; not the imputed table. Upstream sources can still contain estimates: join per-trait sources and inspect original methods. Diet percentages and dispersal must not be presumed directly measured.
combine-reported,female_maturity_d,2135,unrated/context: manual review,pending,Reported table only; not the imputed table. Upstream sources can still contain estimates: join per-trait sources and inspect original methods. Diet percentages and dispersal must not be presumed directly measured.
combine-reported,age_first_reproduction_d,2110,unrated/context: manual review,pending,Reported table only; not the imputed table. Upstream sources can still contain estimates: join per-trait sources and inspect original methods. Diet percentages and dispersal must not be presumed directly measured.
combine-reported,interbirth_interval_d,1348,unrated/context: manual review,pending,Reported table only; not the imputed table. Upstream sources can still contain estimates: join per-trait sources and inspect original methods. Diet percentages and dispersal must not be presumed directly measured.
combine-reported,weaning_mass_g,1135,unrated/context: manual review,pending,Reported table only; not the imputed table. Upstream sources can still contain estimates: join per-trait sources and inspect original methods. Diet percentages and dispersal must not be presumed directly measured.
combine-reported,home_range_km2,801,priority familiar candidate,pending,Reported table only; not the imputed table. Upstream sources can still contain estimates: join per-trait sources and inspect original methods. Diet percentages and dispersal must not be presumed directly measured.
combine-reported,adult_forearm_length_mm,1020,unrated/context: manual review,pending,Reported table only; not the imputed table. Upstream sources can still contain estimates: join per-trait sources and inspect original methods. Diet percentages and dispersal must not be presumed directly measured.
combine-reported,generation_length_d,1436,unrated/context: manual review,pending,Reported table only; not the imputed table. Upstream sources can still contain estimates: join per-trait sources and inspect original methods. Diet percentages and dispersal must not be presumed directly measured.
combine-reported,male_maturity_d,1118,unrated/context: manual review,pending,Reported table only; not the imputed table. Upstream sources can still contain estimates: join per-trait sources and inspect original methods. Diet percentages and dispersal must not be presumed directly measured.
combine-reported,weaning_age_d,2192,unrated/context: manual review,pending,Reported table only; not the imputed table. Upstream sources can still contain estimates: join per-trait sources and inspect original methods. Diet percentages and dispersal must not be presumed directly measured.
combine-reported,social_group_n,821,priority familiar candidate,pending,Reported table only; not the imputed table. Upstream sources can still contain estimates: join per-trait sources and inspect original methods. Diet percentages and dispersal must not be presumed directly measured.
leptraits,Family,12448,unrated/context: manual review,pending,"Consensus values need record-level citations and sex/basis review. FlightDuration is seasonal occurrence, not lifetime distance. Hostplant families are not all food species."
leptraits,Genus,12448,unrated/context: manual review,pending,"Consensus values need record-level citations and sex/basis review. FlightDuration is seasonal occurrence, not lifetime distance. Hostplant families are not all food species."
leptraits,Species,12448,unrated/context: manual review,pending,"Consensus values need record-level citations and sex/basis review. FlightDuration is seasonal occurrence, not lifetime distance. Hostplant families are not all food species."
leptraits,verbatimSpecies,12448,unrated/context: manual review,pending,"Consensus values need record-level citations and sex/basis review. FlightDuration is seasonal occurrence, not lifetime distance. Hostplant families are not all food species."
leptraits,Jan,6518,unrated/context: manual review,pending,"Consensus values need record-level citations and sex/basis review. FlightDuration is seasonal occurrence, not lifetime distance. Hostplant families are not all food species."
leptraits,Feb,6518,unrated/context: manual review,pending,"Consensus values need record-level citations and sex/basis review. FlightDuration is seasonal occurrence, not lifetime distance. Hostplant families are not all food species."
leptraits,Mar,6518,unrated/context: manual review,pending,"Consensus values need record-level citations and sex/basis review. FlightDuration is seasonal occurrence, not lifetime distance. Hostplant families are not all food species."
leptraits,Apr,6518,unrated/context: manual review,pending,"Consensus values need record-level citations and sex/basis review. FlightDuration is seasonal occurrence, not lifetime distance. Hostplant families are not all food species."
leptraits,May,6518,unrated/context: manual review,pending,"Consensus values need record-level citations and sex/basis review. FlightDuration is seasonal occurrence, not lifetime distance. Hostplant families are not all food species."
leptraits,Jun,6517,unrated/context: manual review,pending,"Consensus values need record-level citations and sex/basis review. FlightDuration is seasonal occurrence, not lifetime distance. Hostplant families are not all food species."
leptraits,Jul,6518,unrated/context: manual review,pending,"Consensus values need record-level citations and sex/basis review. FlightDuration is seasonal occurrence, not lifetime distance. Hostplant families are not all food species."
leptraits,Aug,6518,unrated/context: manual review,pending,"Consensus values need record-level citations and sex/basis review. FlightDuration is seasonal occurrence, not lifetime distance. Hostplant families are not all food species."
leptraits,Sep,6518,unrated/context: manual review,pending,"Consensus values need record-level citations and sex/basis review. FlightDuration is seasonal occurrence, not lifetime distance. Hostplant families are not all food species."
leptraits,Oct,6518,unrated/context: manual review,pending,"Consensus values need record-level citations and sex/basis review. FlightDuration is seasonal occurrence, not lifetime distance. Hostplant families are not all food species."
leptraits,Nov,6518,unrated/context: manual review,pending,"Consensus values need record-level citations and sex/basis review. FlightDuration is seasonal occurrence, not lifetime distance. Hostplant families are not all food species."
leptraits,Dec,6517,unrated/context: manual review,pending,"Consensus values need record-level citations and sex/basis review. FlightDuration is seasonal occurrence, not lifetime distance. Hostplant families are not all food species."
leptraits,FlightDuration,6518,unrated/context: manual review,pending,"Consensus values need record-level citations and sex/basis review. FlightDuration is seasonal occurrence, not lifetime distance. Hostplant families are not all food species."
leptraits,CanopyAffinity,7931,unrated/context: manual review,pending,"Consensus values need record-level citations and sex/basis review. FlightDuration is seasonal occurrence, not lifetime distance. Hostplant families are not all food species."
leptraits,NumberOfHostplantFamilies,5016,priority familiar candidate,pending,"Consensus values need record-level citations and sex/basis review. FlightDuration is seasonal occurrence, not lifetime distance. Hostplant families are not all food species."
leptraits,SoleHostplantFamily,3627,unrated/context: manual review,pending,"Consensus values need record-level citations and sex/basis review. FlightDuration is seasonal occurrence, not lifetime distance. Hostplant families are not all food species."
leptraits,NumberOfHostplantAccounts,5016,unrated/context: manual review,pending,"Consensus values need record-level citations and sex/basis review. FlightDuration is seasonal occurrence, not lifetime distance. Hostplant families are not all food species."
leptraits,DateCreated,12448,unrated/context: manual review,pending,"Consensus values need record-level citations and sex/basis review. FlightDuration is seasonal occurrence, not lifetime distance. Hostplant families are not all food species."
leptraits,Voltinism,3131,unrated/context: manual review,pending,"Consensus values need record-level citations and sex/basis review. FlightDuration is seasonal occurrence, not lifetime distance. Hostplant families are not all food species."
leptraits,EdgeAffinity,4406,unrated/context: manual review,pending,"Consensus values need record-level citations and sex/basis review. FlightDuration is seasonal occurrence, not lifetime distance. Hostplant families are not all food species."
leptraits,MoistureAffinity,4842,unrated/context: manual review,pending,"Consensus values need record-level citations and sex/basis review. FlightDuration is seasonal occurrence, not lifetime distance. Hostplant families are not all food species."
leptraits,WS_U,6813,priority familiar candidate,pending,"Consensus values need record-level citations and sex/basis review. FlightDuration is seasonal occurrence, not lifetime distance. Hostplant families are not all food species."
leptraits,WS_U_Fem,2198,unrated/context: manual review,pending,"Consensus values need record-level citations and sex/basis review. FlightDuration is seasonal occurrence, not lifetime distance. Hostplant families are not all food species."
leptraits,WS_L_Mal,1133,unrated/context: manual review,pending,"Consensus values need record-level citations and sex/basis review. FlightDuration is seasonal occurrence, not lifetime distance. Hostplant families are not all food species."
leptraits,WS_U_Mal,2497,unrated/context: manual review,pending,"Consensus values need record-level citations and sex/basis review. FlightDuration is seasonal occurrence, not lifetime distance. Hostplant families are not all food species."
leptraits,WS_L,3594,priority familiar candidate,pending,"Consensus values need record-level citations and sex/basis review. FlightDuration is seasonal occurrence, not lifetime distance. Hostplant families are not all food species."
leptraits,FW_L,355,unrated/context: manual review,pending,"Consensus values need record-level citations and sex/basis review. FlightDuration is seasonal occurrence, not lifetime distance. Hostplant families are not all food species."
leptraits,FW_U,893,unrated/context: manual review,pending,"Consensus values need record-level citations and sex/basis review. FlightDuration is seasonal occurrence, not lifetime distance. Hostplant families are not all food species."
leptraits,PrimaryHostplantFamily,1253,unrated/context: manual review,pending,"Consensus values need record-level citations and sex/basis review. FlightDuration is seasonal occurrence, not lifetime distance. Hostplant families are not all food species."
leptraits,SecondaryHostplantFamily,820,unrated/context: manual review,pending,"Consensus values need record-level citations and sex/basis review. FlightDuration is seasonal occurrence, not lifetime distance. Hostplant families are not all food species."
leptraits,DisturbanceAffinity,2868,unrated/context: manual review,pending,"Consensus values need record-level citations and sex/basis review. FlightDuration is seasonal occurrence, not lifetime distance. Hostplant families are not all food species."
leptraits,OvipositionStyle,1685,unrated/context: manual review,pending,"Consensus values need record-level citations and sex/basis review. FlightDuration is seasonal occurrence, not lifetime distance. Hostplant families are not all food species."
leptraits,DiapauseStage,859,unrated/context: manual review,pending,"Consensus values need record-level citations and sex/basis review. FlightDuration is seasonal occurrence, not lifetime distance. Hostplant families are not all food species."
leptraits,EqualHostplantFamily,218,unrated/context: manual review,pending,"Consensus values need record-level citations and sex/basis review. FlightDuration is seasonal occurrence, not lifetime distance. Hostplant families are not all food species."
leptraits,WS_L_Fem,1041,unrated/context: manual review,pending,"Consensus values need record-level citations and sex/basis review. FlightDuration is seasonal occurrence, not lifetime distance. Hostplant families are not all food species."
leptraits-records,,76124,unrated/context: manual review,pending,"Record-level provenance for consensus; retain ResourceID, Book and PageNumber. Individual records are not independent species; audit source measurement units and sex before ranking."
leptraits-records,RecordID,76124,unrated/context: manual review,pending,"Record-level provenance for consensus; retain ResourceID, Book and PageNumber. Individual records are not independent species; audit source measurement units and sex before ranking."
leptraits-records,LegacyID,76122,unrated/context: manual review,pending,"Record-level provenance for consensus; retain ResourceID, Book and PageNumber. Individual records are not independent species; audit source measurement units and sex before ranking."
leptraits-records,Book,76122,unrated/context: manual review,pending,"Record-level provenance for consensus; retain ResourceID, Book and PageNumber. Individual records are not independent species; audit source measurement units and sex before ranking."
leptraits-records,ResourceID,62867,unrated/context: manual review,pending,"Record-level provenance for consensus; retain ResourceID, Book and PageNumber. Individual records are not independent species; audit source measurement units and sex before ranking."
leptraits-records,PageNumber,76062,unrated/context: manual review,pending,"Record-level provenance for consensus; retain ResourceID, Book and PageNumber. Individual records are not independent species; audit source measurement units and sex before ranking."
leptraits-records,Genus,16012,unrated/context: manual review,pending,"Record-level provenance for consensus; retain ResourceID, Book and PageNumber. Individual records are not independent species; audit source measurement units and sex before ranking."
leptraits-records,Species,15661,unrated/context: manual review,pending,"Record-level provenance for consensus; retain ResourceID, Book and PageNumber. Individual records are not independent species; audit source measurement units and sex before ranking."
leptraits-records,WingSpanLower_Unspecified,6402,unrated/context: manual review,pending,"Record-level provenance for consensus; retain ResourceID, Book and PageNumber. Individual records are not independent species; audit source measurement units and sex before ranking."
leptraits-records,WingSpanUpper_Unspecified,12125,unrated/context: manual review,pending,"Record-level provenance for consensus; retain ResourceID, Book and PageNumber. Individual records are not independent species; audit source measurement units and sex before ranking."
leptraits-records,Oviposition,2633,unrated/context: manual review,pending,"Record-level provenance for consensus; retain ResourceID, Book and PageNumber. Individual records are not independent species; audit source measurement units and sex before ranking."
leptraits-records,Voltinism,7187,unrated/context: manual review,pending,"Record-level provenance for consensus; retain ResourceID, Book and PageNumber. Individual records are not independent species; audit source measurement units and sex before ranking."
leptraits-records,Jan,17588,unrated/context: manual review,pending,"Record-level provenance for consensus; retain ResourceID, Book and PageNumber. Individual records are not independent species; audit source measurement units and sex before ranking."
leptraits-records,Feb,17588,unrated/context: manual review,pending,"Record-level provenance for consensus; retain ResourceID, Book and PageNumber. Individual records are not independent species; audit source measurement units and sex before ranking."
leptraits-records,Mar,17588,unrated/context: manual review,pending,"Record-level provenance for consensus; retain ResourceID, Book and PageNumber. Individual records are not independent species; audit source measurement units and sex before ranking."
leptraits-records,Apr,17588,unrated/context: manual review,pending,"Record-level provenance for consensus; retain ResourceID, Book and PageNumber. Individual records are not independent species; audit source measurement units and sex before ranking."
leptraits-records,May,17588,unrated/context: manual review,pending,"Record-level provenance for consensus; retain ResourceID, Book and PageNumber. Individual records are not independent species; audit source measurement units and sex before ranking."
leptraits-records,Jun,17587,unrated/context: manual review,pending,"Record-level provenance for consensus; retain ResourceID, Book and PageNumber. Individual records are not independent species; audit source measurement units and sex before ranking."
leptraits-records,Jul,17588,unrated/context: manual review,pending,"Record-level provenance for consensus; retain ResourceID, Book and PageNumber. Individual records are not independent species; audit source measurement units and sex before ranking."
leptraits-records,Aug,17588,unrated/context: manual review,pending,"Record-level provenance for consensus; retain ResourceID, Book and PageNumber. Individual records are not independent species; audit source measurement units and sex before ranking."
leptraits-records,Sep,17588,unrated/context: manual review,pending,"Record-level provenance for consensus; retain ResourceID, Book and PageNumber. Individual records are not independent species; audit source measurement units and sex before ranking."
leptraits-records,Oct,17588,unrated/context: manual review,pending,"Record-level provenance for consensus; retain ResourceID, Book and PageNumber. Individual records are not independent species; audit source measurement units and sex before ranking."
leptraits-records,Nov,17588,unrated/context: manual review,pending,"Record-level provenance for consensus; retain ResourceID, Book and PageNumber. Individual records are not independent species; audit source measurement units and sex before ranking."
leptraits-records,Dec,17587,unrated/context: manual review,pending,"Record-level provenance for consensus; retain ResourceID, Book and PageNumber. Individual records are not independent species; audit source measurement units and sex before ranking."
leptraits-records,Duration,17588,unrated/context: manual review,pending,"Record-level provenance for consensus; retain ResourceID, Book and PageNumber. Individual records are not independent species; audit source measurement units and sex before ranking."
leptraits-records,Canopy,22708,unrated/context: manual review,pending,"Record-level provenance for consensus; retain ResourceID, Book and PageNumber. Individual records are not independent species; audit source measurement units and sex before ranking."
leptraits-records,Edge,22707,unrated/context: manual review,pending,"Record-level provenance for consensus; retain ResourceID, Book and PageNumber. Individual records are not independent species; audit source measurement units and sex before ranking."
leptraits-records,Moisture,22707,unrated/context: manual review,pending,"Record-level provenance for consensus; retain ResourceID, Book and PageNumber. Individual records are not independent species; audit source measurement units and sex before ranking."
leptraits-records,Disturbance,22834,unrated/context: manual review,pending,"Record-level provenance for consensus; retain ResourceID, Book and PageNumber. Individual records are not independent species; audit source measurement units and sex before ranking."
leptraits-records,Overwintering,1299,unrated/context: manual review,pending,"Record-level provenance for consensus; retain ResourceID, Book and PageNumber. Individual records are not independent species; audit source measurement units and sex before ranking."
leptraits-records,WingSpanLower_Female,1035,unrated/context: manual review,pending,"Record-level provenance for consensus; retain ResourceID, Book and PageNumber. Individual records are not independent species; audit source measurement units and sex before ranking."
leptraits-records,WingSpanUpper_Female,2882,unrated/context: manual review,pending,"Record-level provenance for consensus; retain ResourceID, Book and PageNumber. Individual records are not independent species; audit source measurement units and sex before ranking."
leptraits-records,WingSpanLower_Male,1146,unrated/context: manual review,pending,"Record-level provenance for consensus; retain ResourceID, Book and PageNumber. Individual records are not independent species; audit source measurement units and sex before ranking."
leptraits-records,WingSpanUpper_Male,3567,unrated/context: manual review,pending,"Record-level provenance for consensus; retain ResourceID, Book and PageNumber. Individual records are not independent species; audit source measurement units and sex before ranking."
leptraits-records,ForewingLower_Unspecified,1352,unrated/context: manual review,pending,"Record-level provenance for consensus; retain ResourceID, Book and PageNumber. Individual records are not independent species; audit source measurement units and sex before ranking."
leptraits-records,ForewingUpper_Unspecified,1950,unrated/context: manual review,pending,"Record-level provenance for consensus; retain ResourceID, Book and PageNumber. Individual records are not independent species; audit source measurement units and sex before ranking."
carnidiet,recordID,29121,unrated/context: manual review,pending,"Study/prey rows are not independent animals. Frequency of occurrence, biomass, volume and kills differ. Study effort affects recorded diet diversity; never treat unreported prey as absent."
carnidiet,orderCarni,29121,unrated/context: manual review,pending,"Study/prey rows are not independent animals. Frequency of occurrence, biomass, volume and kills differ. Study effort affects recorded diet diversity; never treat unreported prey as absent."
carnidiet,familyCarni,29121,unrated/context: manual review,pending,"Study/prey rows are not independent animals. Frequency of occurrence, biomass, volume and kills differ. Study effort affects recorded diet diversity; never treat unreported prey as absent."
carnidiet,scientificNameCarni,29121,unrated/context: manual review,pending,"Study/prey rows are not independent animals. Frequency of occurrence, biomass, volume and kills differ. Study effort affects recorded diet diversity; never treat unreported prey as absent."
carnidiet,commonNameCarni,29121,unrated/context: manual review,pending,"Study/prey rows are not independent animals. Frequency of occurrence, biomass, volume and kills differ. Study effort affects recorded diet diversity; never treat unreported prey as absent."
carnidiet,sexCarni,29121,unrated/context: manual review,pending,"Study/prey rows are not independent animals. Frequency of occurrence, biomass, volume and kills differ. Study effort affects recorded diet diversity; never treat unreported prey as absent."
carnidiet,lifeStageCarni,29121,unrated/context: manual review,pending,"Study/prey rows are not independent animals. Frequency of occurrence, biomass, volume and kills differ. Study effort affects recorded diet diversity; never treat unreported prey as absent."
carnidiet,foodType,29119,priority familiar candidate,pending,"Study/prey rows are not independent animals. Frequency of occurrence, biomass, volume and kills differ. Study effort affects recorded diet diversity; never treat unreported prey as absent."
carnidiet,orderPrey,18838,unrated/context: manual review,pending,"Study/prey rows are not independent animals. Frequency of occurrence, biomass, volume and kills differ. Study effort affects recorded diet diversity; never treat unreported prey as absent."
carnidiet,familyPrey,17125,unrated/context: manual review,pending,"Study/prey rows are not independent animals. Frequency of occurrence, biomass, volume and kills differ. Study effort affects recorded diet diversity; never treat unreported prey as absent."
carnidiet,genusPrey,15494,unrated/context: manual review,pending,"Study/prey rows are not independent animals. Frequency of occurrence, biomass, volume and kills differ. Study effort affects recorded diet diversity; never treat unreported prey as absent."
carnidiet,speciesPrey,12849,unrated/context: manual review,pending,"Study/prey rows are not independent animals. Frequency of occurrence, biomass, volume and kills differ. Study effort affects recorded diet diversity; never treat unreported prey as absent."
carnidiet,scientificNamePrey,12847,priority familiar candidate,pending,"Study/prey rows are not independent animals. Frequency of occurrence, biomass, volume and kills differ. Study effort affects recorded diet diversity; never treat unreported prey as absent."
carnidiet,commonNamePrey,28698,unrated/context: manual review,pending,"Study/prey rows are not independent animals. Frequency of occurrence, biomass, volume and kills differ. Study effort affects recorded diet diversity; never treat unreported prey as absent."
carnidiet,domesticOrAgricultural,28883,unrated/context: manual review,pending,"Study/prey rows are not independent animals. Frequency of occurrence, biomass, volume and kills differ. Study effort affects recorded diet diversity; never treat unreported prey as absent."
carnidiet,taxonRankPrey,29121,unrated/context: manual review,pending,"Study/prey rows are not independent animals. Frequency of occurrence, biomass, volume and kills differ. Study effort affects recorded diet diversity; never treat unreported prey as absent."
carnidiet,percentage,29121,unrated/context: manual review,pending,"Study/prey rows are not independent animals. Frequency of occurrence, biomass, volume and kills differ. Study effort affects recorded diet diversity; never treat unreported prey as absent."
carnidiet,dataBasisFromSource,28771,unrated/context: manual review,pending,"Study/prey rows are not independent animals. Frequency of occurrence, biomass, volume and kills differ. Study effort affects recorded diet diversity; never treat unreported prey as absent."
carnidiet,sampleSizeScatStomachTissue,26311,unrated/context: manual review,pending,"Study/prey rows are not independent animals. Frequency of occurrence, biomass, volume and kills differ. Study effort affects recorded diet diversity; never treat unreported prey as absent."
carnidiet,startYear,27787,unrated/context: manual review,pending,"Study/prey rows are not independent animals. Frequency of occurrence, biomass, volume and kills differ. Study effort affects recorded diet diversity; never treat unreported prey as absent."
carnidiet,endYear,27787,unrated/context: manual review,pending,"Study/prey rows are not independent animals. Frequency of occurrence, biomass, volume and kills differ. Study effort affects recorded diet diversity; never treat unreported prey as absent."
carnidiet,startMonth,19580,unrated/context: manual review,pending,"Study/prey rows are not independent animals. Frequency of occurrence, biomass, volume and kills differ. Study effort affects recorded diet diversity; never treat unreported prey as absent."
carnidiet,endMonth,19593,unrated/context: manual review,pending,"Study/prey rows are not independent animals. Frequency of occurrence, biomass, volume and kills differ. Study effort affects recorded diet diversity; never treat unreported prey as absent."
carnidiet,fixedBetweenMonths,19400,unrated/context: manual review,pending,"Study/prey rows are not independent animals. Frequency of occurrence, biomass, volume and kills differ. Study effort affects recorded diet diversity; never treat unreported prey as absent."
carnidiet,season,26897,unrated/context: manual review,pending,"Study/prey rows are not independent animals. Frequency of occurrence, biomass, volume and kills differ. Study effort affects recorded diet diversity; never treat unreported prey as absent."
carnidiet,country,28814,unrated/context: manual review,pending,"Study/prey rows are not independent animals. Frequency of occurrence, biomass, volume and kills differ. Study effort affects recorded diet diversity; never treat unreported prey as absent."
carnidiet,protectedAreaHigher,11042,unrated/context: manual review,pending,"Study/prey rows are not independent animals. Frequency of occurrence, biomass, volume and kills differ. Study effort affects recorded diet diversity; never treat unreported prey as absent."
carnidiet,decimalLatitude,28899,unrated/context: manual review,pending,"Study/prey rows are not independent animals. Frequency of occurrence, biomass, volume and kills differ. Study effort affects recorded diet diversity; never treat unreported prey as absent."
carnidiet,decimalLongitude,28607,unrated/context: manual review,pending,"Study/prey rows are not independent animals. Frequency of occurrence, biomass, volume and kills differ. Study effort affects recorded diet diversity; never treat unreported prey as absent."
carnidiet,georeferenceSources,28964,unrated/context: manual review,pending,"Study/prey rows are not independent animals. Frequency of occurrence, biomass, volume and kills differ. Study effort affects recorded diet diversity; never treat unreported prey as absent."
carnidiet,samplingProtocol,29121,unrated/context: manual review,pending,"Study/prey rows are not independent animals. Frequency of occurrence, biomass, volume and kills differ. Study effort affects recorded diet diversity; never treat unreported prey as absent."
carnidiet,methodQuantification,29121,unrated/context: manual review,pending,"Study/prey rows are not independent animals. Frequency of occurrence, biomass, volume and kills differ. Study effort affects recorded diet diversity; never treat unreported prey as absent."
carnidiet,sourceAuthor,29121,unrated/context: manual review,pending,"Study/prey rows are not independent animals. Frequency of occurrence, biomass, volume and kills differ. Study effort affects recorded diet diversity; never treat unreported prey as absent."
carnidiet,sourceYear,29121,unrated/context: manual review,pending,"Study/prey rows are not independent animals. Frequency of occurrence, biomass, volume and kills differ. Study effort affects recorded diet diversity; never treat unreported prey as absent."
carnidiet,sourceTitle,29121,unrated/context: manual review,pending,"Study/prey rows are not independent animals. Frequency of occurrence, biomass, volume and kills differ. Study effort affects recorded diet diversity; never treat unreported prey as absent."
carnidiet,sourceJournal,29121,unrated/context: manual review,pending,"Study/prey rows are not independent animals. Frequency of occurrence, biomass, volume and kills differ. Study effort affects recorded diet diversity; never treat unreported prey as absent."
carnidiet,sourcePrimaryReference,29121,unrated/context: manual review,pending,"Study/prey rows are not independent animals. Frequency of occurrence, biomass, volume and kills differ. Study effort affects recorded diet diversity; never treat unreported prey as absent."
carnidiet,sourceCollectionReference,29121,unrated/context: manual review,pending,"Study/prey rows are not independent animals. Frequency of occurrence, biomass, volume and kills differ. Study effort affects recorded diet diversity; never treat unreported prey as absent."
carnidiet,sampleSizeKillsPreyItems,10298,unrated/context: manual review,pending,"Study/prey rows are not independent animals. Frequency of occurrence, biomass, volume and kills differ. Study effort affects recorded diet diversity; never treat unreported prey as absent."
carnidiet,stateProvince,12595,unrated/context: manual review,pending,"Study/prey rows are not independent animals. Frequency of occurrence, biomass, volume and kills differ. Study effort affects recorded diet diversity; never treat unreported prey as absent."
carnidiet,studyAreaSize,18717,unrated/context: manual review,pending,"Study/prey rows are not independent animals. Frequency of occurrence, biomass, volume and kills differ. Study effort affects recorded diet diversity; never treat unreported prey as absent."
carnidiet,startDayOfYear,2892,unrated/context: manual review,pending,"Study/prey rows are not independent animals. Frequency of occurrence, biomass, volume and kills differ. Study effort affects recorded diet diversity; never treat unreported prey as absent."
carnidiet,endDayOfYear,2890,unrated/context: manual review,pending,"Study/prey rows are not independent animals. Frequency of occurrence, biomass, volume and kills differ. Study effort affects recorded diet diversity; never treat unreported prey as absent."
carnidiet,minimumElevationInMeters,13600,unrated/context: manual review,pending,"Study/prey rows are not independent animals. Frequency of occurrence, biomass, volume and kills differ. Study effort affects recorded diet diversity; never treat unreported prey as absent."
carnidiet,maximumElevationInMeters,13600,unrated/context: manual review,pending,"Study/prey rows are not independent animals. Frequency of occurrence, biomass, volume and kills differ. Study effort affects recorded diet diversity; never treat unreported prey as absent."
carnidiet,municipality,3203,unrated/context: manual review,pending,"Study/prey rows are not independent animals. Frequency of occurrence, biomass, volume and kills differ. Study effort affects recorded diet diversity; never treat unreported prey as absent."
carnidiet,geographicRegion,5942,unrated/context: manual review,pending,"Study/prey rows are not independent animals. Frequency of occurrence, biomass, volume and kills differ. Study effort affects recorded diet diversity; never treat unreported prey as absent."
carnidiet,verbatimLocality,9424,unrated/context: manual review,pending,"Study/prey rows are not independent animals. Frequency of occurrence, biomass, volume and kills differ. Study effort affects recorded diet diversity; never treat unreported prey as absent."
carnidiet,percentageError,1383,unrated/context: manual review,pending,"Study/prey rows are not independent animals. Frequency of occurrence, biomass, volume and kills differ. Study effort affects recorded diet diversity; never treat unreported prey as absent."
carnidiet,protectedAreaLower,126,unrated/context: manual review,pending,"Study/prey rows are not independent animals. Frequency of occurrence, biomass, volume and kills differ. Study effort affects recorded diet diversity; never treat unreported prey as absent."
carnidiet,island,1115,unrated/context: manual review,pending,"Study/prey rows are not independent animals. Frequency of occurrence, biomass, volume and kills differ. Study effort affects recorded diet diversity; never treat unreported prey as absent."
carnidiet,county,4941,unrated/context: manual review,pending,"Study/prey rows are not independent animals. Frequency of occurrence, biomass, volume and kills differ. Study effort affects recorded diet diversity; never treat unreported prey as absent."
carnidiet,islandGroup,397,unrated/context: manual review,pending,"Study/prey rows are not independent animals. Frequency of occurrence, biomass, volume and kills differ. Study effort affects recorded diet diversity; never treat unreported prey as absent."
odonate,GenusSpecies,4375,unrated/context: manual review,pending,"Length cells may encode multiple sex-specific observations and ranges as text; preserve and manually parse, never take arbitrary first number."
odonate,Genus,4375,unrated/context: manual review,pending,"Length cells may encode multiple sex-specific observations and ranges as text; preserve and manually parse, never take arbitrary first number."
odonate,Species,4375,unrated/context: manual review,pending,"Length cells may encode multiple sex-specific observations and ranges as text; preserve and manually parse, never take arbitrary first number."
odonate,Family,4375,unrated/context: manual review,pending,"Length cells may encode multiple sex-specific observations and ranges as text; preserve and manually parse, never take arbitrary first number."
odonate,SubOrder,3978,unrated/context: manual review,pending,"Length cells may encode multiple sex-specific observations and ranges as text; preserve and manually parse, never take arbitrary first number."
odonate,body_colors,3278,unrated/context: manual review,pending,"Length cells may encode multiple sex-specific observations and ranges as text; preserve and manually parse, never take arbitrary first number."
odonate,body_colortypes,1790,unrated/context: manual review,pending,"Length cells may encode multiple sex-specific observations and ranges as text; preserve and manually parse, never take arbitrary first number."
odonate,body_patterns,2238,unrated/context: manual review,pending,"Length cells may encode multiple sex-specific observations and ranges as text; preserve and manually parse, never take arbitrary first number."
odonate,flight_mode,1126,unrated/context: manual review,pending,"Length cells may encode multiple sex-specific observations and ranges as text; preserve and manually parse, never take arbitrary first number."
odonate,continents,1702,unrated/context: manual review,pending,"Length cells may encode multiple sex-specific observations and ranges as text; preserve and manually parse, never take arbitrary first number."
odonate,aquatic_habitats,1961,unrated/context: manual review,pending,"Length cells may encode multiple sex-specific observations and ranges as text; preserve and manually parse, never take arbitrary first number."
odonate,ecozones,1729,unrated/context: manual review,pending,"Length cells may encode multiple sex-specific observations and ranges as text; preserve and manually parse, never take arbitrary first number."
odonate,habitat_openness,1065,unrated/context: manual review,pending,"Length cells may encode multiple sex-specific observations and ranges as text; preserve and manually parse, never take arbitrary first number."
odonate,citations,2522,unrated/context: manual review,pending,"Length cells may encode multiple sex-specific observations and ranges as text; preserve and manually parse, never take arbitrary first number."
odonate,ISBN,1995,unrated/context: manual review,pending,"Length cells may encode multiple sex-specific observations and ranges as text; preserve and manually parse, never take arbitrary first number."
odonate,sex_polymorphisms,872,unrated/context: manual review,pending,"Length cells may encode multiple sex-specific observations and ranges as text; preserve and manually parse, never take arbitrary first number."
odonate,body_lengths,1075,priority familiar candidate,pending,"Length cells may encode multiple sex-specific observations and ranges as text; preserve and manually parse, never take arbitrary first number."
odonate,has_wing_pigment,1357,unrated/context: manual review,pending,"Length cells may encode multiple sex-specific observations and ranges as text; preserve and manually parse, never take arbitrary first number."
odonate,territoriality,301,unrated/context: manual review,pending,"Length cells may encode multiple sex-specific observations and ranges as text; preserve and manually parse, never take arbitrary first number."
odonate,climates,2516,unrated/context: manual review,pending,"Length cells may encode multiple sex-specific observations and ranges as text; preserve and manually parse, never take arbitrary first number."
odonate,sex_dimorphisms,1201,unrated/context: manual review,pending,"Length cells may encode multiple sex-specific observations and ranges as text; preserve and manually parse, never take arbitrary first number."
odonate,hindwing_lengths,1157,unrated/context: manual review,pending,"Length cells may encode multiple sex-specific observations and ranges as text; preserve and manually parse, never take arbitrary first number."
odonate,female_hindwing_lengths,261,unrated/context: manual review,pending,"Length cells may encode multiple sex-specific observations and ranges as text; preserve and manually parse, never take arbitrary first number."
odonate,female_body_lengths,207,priority familiar candidate,pending,"Length cells may encode multiple sex-specific observations and ranges as text; preserve and manually parse, never take arbitrary first number."
odonate,mate_guarding,416,unrated/context: manual review,pending,"Length cells may encode multiple sex-specific observations and ranges as text; preserve and manually parse, never take arbitrary first number."
odonate,geo_polymorphisms,300,unrated/context: manual review,pending,"Length cells may encode multiple sex-specific observations and ranges as text; preserve and manually parse, never take arbitrary first number."
odonate,wing_pigment_extent_discrete,284,unrated/context: manual review,pending,"Length cells may encode multiple sex-specific observations and ranges as text; preserve and manually parse, never take arbitrary first number."
odonate,wing_pigment_extent_continuous,203,unrated/context: manual review,pending,"Length cells may encode multiple sex-specific observations and ranges as text; preserve and manually parse, never take arbitrary first number."
odonate,wing_pigment_symmetry,199,unrated/context: manual review,pending,"Length cells may encode multiple sex-specific observations and ranges as text; preserve and manually parse, never take arbitrary first number."
odonate,wing_pigment_dimorphism,213,unrated/context: manual review,pending,"Length cells may encode multiple sex-specific observations and ranges as text; preserve and manually parse, never take arbitrary first number."
odonate,wing_pigment_color,259,unrated/context: manual review,pending,"Length cells may encode multiple sex-specific observations and ranges as text; preserve and manually parse, never take arbitrary first number."
odonate,wing_pigment_placement,329,unrated/context: manual review,pending,"Length cells may encode multiple sex-specific observations and ranges as text; preserve and manually parse, never take arbitrary first number."
odonate,wing_pigment_color_type,225,unrated/context: manual review,pending,"Length cells may encode multiple sex-specific observations and ranges as text; preserve and manually parse, never take arbitrary first number."
odonate,female_has_wing_pigment,231,unrated/context: manual review,pending,"Length cells may encode multiple sex-specific observations and ranges as text; preserve and manually parse, never take arbitrary first number."
odonate,female_wing_pigment_extent_discrete,193,unrated/context: manual review,pending,"Length cells may encode multiple sex-specific observations and ranges as text; preserve and manually parse, never take arbitrary first number."
odonate,female_wing_pigment_extent_continuous,192,unrated/context: manual review,pending,"Length cells may encode multiple sex-specific observations and ranges as text; preserve and manually parse, never take arbitrary first number."
odonate,female_wing_pigment_placement,221,unrated/context: manual review,pending,"Length cells may encode multiple sex-specific observations and ranges as text; preserve and manually parse, never take arbitrary first number."
odonate,forewing_lengths,24,unrated/context: manual review,pending,"Length cells may encode multiple sex-specific observations and ranges as text; preserve and manually parse, never take arbitrary first number."
odonate,wing_pigment_pattern,19,unrated/context: manual review,pending,"Length cells may encode multiple sex-specific observations and ranges as text; preserve and manually parse, never take arbitrary first number."
odonate,female_forewing_lengths,6,unrated/context: manual review,pending,"Length cells may encode multiple sex-specific observations and ranges as text; preserve and manually parse, never take arbitrary first number."
odonate,DOI,5,unrated/context: manual review,pending,"Length cells may encode multiple sex-specific observations and ranges as text; preserve and manually parse, never take arbitrary first number."
fishbase,SpecCode,36763,unrated/context: manual review,pending,"Preserve reference IDs, length types and sex. Vulnerability, resilience, growth and trophic fields may be modeled. Habitat depth is not dive ability. Join references before promotion; review license."
fishbase,Genus,36763,unrated/context: manual review,pending,"Preserve reference IDs, length types and sex. Vulnerability, resilience, growth and trophic fields may be modeled. Habitat depth is not dive ability. Join references before promotion; review license."
fishbase,Species,36763,unrated/context: manual review,pending,"Preserve reference IDs, length types and sex. Vulnerability, resilience, growth and trophic fields may be modeled. Habitat depth is not dive ability. Join references before promotion; review license."
fishbase,SpeciesRefNo,36763,unrated/context: manual review,pending,"Preserve reference IDs, length types and sex. Vulnerability, resilience, growth and trophic fields may be modeled. Habitat depth is not dive ability. Join references before promotion; review license."
fishbase,Author,36763,unrated/context: manual review,pending,"Preserve reference IDs, length types and sex. Vulnerability, resilience, growth and trophic fields may be modeled. Habitat depth is not dive ability. Join references before promotion; review license."
fishbase,PicPreferredName,21416,unrated/context: manual review,pending,"Preserve reference IDs, length types and sex. Vulnerability, resilience, growth and trophic fields may be modeled. Habitat depth is not dive ability. Join references before promotion; review license."
fishbase,FamCode,36762,unrated/context: manual review,pending,"Preserve reference IDs, length types and sex. Vulnerability, resilience, growth and trophic fields may be modeled. Habitat depth is not dive ability. Join references before promotion; review license."
fishbase,Subfamily,21631,unrated/context: manual review,pending,"Preserve reference IDs, length types and sex. Vulnerability, resilience, growth and trophic fields may be modeled. Habitat depth is not dive ability. Join references before promotion; review license."
fishbase,GenCode,36763,unrated/context: manual review,pending,"Preserve reference IDs, length types and sex. Vulnerability, resilience, growth and trophic fields may be modeled. Habitat depth is not dive ability. Join references before promotion; review license."
fishbase,BodyShapeI,36760,unrated/context: manual review,pending,"Preserve reference IDs, length types and sex. Vulnerability, resilience, growth and trophic fields may be modeled. Habitat depth is not dive ability. Join references before promotion; review license."
fishbase,Source,36358,unrated/context: manual review,pending,"Preserve reference IDs, length types and sex. Vulnerability, resilience, growth and trophic fields may be modeled. Habitat depth is not dive ability. Join references before promotion; review license."
fishbase,Fresh,36763,unrated/context: manual review,pending,"Preserve reference IDs, length types and sex. Vulnerability, resilience, growth and trophic fields may be modeled. Habitat depth is not dive ability. Join references before promotion; review license."
fishbase,Brack,36763,unrated/context: manual review,pending,"Preserve reference IDs, length types and sex. Vulnerability, resilience, growth and trophic fields may be modeled. Habitat depth is not dive ability. Join references before promotion; review license."
fishbase,Saltwater,36763,unrated/context: manual review,pending,"Preserve reference IDs, length types and sex. Vulnerability, resilience, growth and trophic fields may be modeled. Habitat depth is not dive ability. Join references before promotion; review license."
fishbase,DemersPelag,36763,unrated/context: manual review,pending,"Preserve reference IDs, length types and sex. Vulnerability, resilience, growth and trophic fields may be modeled. Habitat depth is not dive ability. Join references before promotion; review license."
fishbase,AirBreathing,35729,unrated/context: manual review,pending,"Preserve reference IDs, length types and sex. Vulnerability, resilience, growth and trophic fields may be modeled. Habitat depth is not dive ability. Join references before promotion; review license."
fishbase,Vulnerability,36761,unrated/context: manual review,pending,"Preserve reference IDs, length types and sex. Vulnerability, resilience, growth and trophic fields may be modeled. Habitat depth is not dive ability. Join references before promotion; review license."
fishbase,Length,33626,priority familiar candidate,pending,"Preserve reference IDs, length types and sex. Vulnerability, resilience, growth and trophic fields may be modeled. Habitat depth is not dive ability. Join references before promotion; review license."
fishbase,LTypeMaxM,33446,unrated/context: manual review,pending,"Preserve reference IDs, length types and sex. Vulnerability, resilience, growth and trophic fields may be modeled. Habitat depth is not dive ability. Join references before promotion; review license."
fishbase,MaxLengthRef,34208,unrated/context: manual review,pending,"Preserve reference IDs, length types and sex. Vulnerability, resilience, growth and trophic fields may be modeled. Habitat depth is not dive ability. Join references before promotion; review license."
fishbase,Importance,15582,unrated/context: manual review,pending,"Preserve reference IDs, length types and sex. Vulnerability, resilience, growth and trophic fields may be modeled. Habitat depth is not dive ability. Join references before promotion; review license."
fishbase,MSeines,36763,unrated/context: manual review,pending,"Preserve reference IDs, length types and sex. Vulnerability, resilience, growth and trophic fields may be modeled. Habitat depth is not dive ability. Join references before promotion; review license."
fishbase,MGillnets,36763,unrated/context: manual review,pending,"Preserve reference IDs, length types and sex. Vulnerability, resilience, growth and trophic fields may be modeled. Habitat depth is not dive ability. Join references before promotion; review license."
fishbase,MCastnets,36763,unrated/context: manual review,pending,"Preserve reference IDs, length types and sex. Vulnerability, resilience, growth and trophic fields may be modeled. Habitat depth is not dive ability. Join references before promotion; review license."
fishbase,MTraps,36763,unrated/context: manual review,pending,"Preserve reference IDs, length types and sex. Vulnerability, resilience, growth and trophic fields may be modeled. Habitat depth is not dive ability. Join references before promotion; review license."
fishbase,MSpears,36763,unrated/context: manual review,pending,"Preserve reference IDs, length types and sex. Vulnerability, resilience, growth and trophic fields may be modeled. Habitat depth is not dive ability. Join references before promotion; review license."
fishbase,MTrawls,36763,unrated/context: manual review,pending,"Preserve reference IDs, length types and sex. Vulnerability, resilience, growth and trophic fields may be modeled. Habitat depth is not dive ability. Join references before promotion; review license."
fishbase,MDredges,36763,unrated/context: manual review,pending,"Preserve reference IDs, length types and sex. Vulnerability, resilience, growth and trophic fields may be modeled. Habitat depth is not dive ability. Join references before promotion; review license."
fishbase,MLiftnets,36763,unrated/context: manual review,pending,"Preserve reference IDs, length types and sex. Vulnerability, resilience, growth and trophic fields may be modeled. Habitat depth is not dive ability. Join references before promotion; review license."
fishbase,MHooksLines,36763,unrated/context: manual review,pending,"Preserve reference IDs, length types and sex. Vulnerability, resilience, growth and trophic fields may be modeled. Habitat depth is not dive ability. Join references before promotion; review license."
fishbase,MOther,36763,unrated/context: manual review,pending,"Preserve reference IDs, length types and sex. Vulnerability, resilience, growth and trophic fields may be modeled. Habitat depth is not dive ability. Join references before promotion; review license."
fishbase,UsedforAquaculture,35413,unrated/context: manual review,pending,"Preserve reference IDs, length types and sex. Vulnerability, resilience, growth and trophic fields may be modeled. Habitat depth is not dive ability. Join references before promotion; review license."
fishbase,UsedasBait,34852,unrated/context: manual review,pending,"Preserve reference IDs, length types and sex. Vulnerability, resilience, growth and trophic fields may be modeled. Habitat depth is not dive ability. Join references before promotion; review license."
fishbase,Aquarium,34498,unrated/context: manual review,pending,"Preserve reference IDs, length types and sex. Vulnerability, resilience, growth and trophic fields may be modeled. Habitat depth is not dive ability. Join references before promotion; review license."
fishbase,GameFish,36763,unrated/context: manual review,pending,"Preserve reference IDs, length types and sex. Vulnerability, resilience, growth and trophic fields may be modeled. Habitat depth is not dive ability. Join references before promotion; review license."
fishbase,Dangerous,36604,unrated/context: manual review,pending,"Preserve reference IDs, length types and sex. Vulnerability, resilience, growth and trophic fields may be modeled. Habitat depth is not dive ability. Join references before promotion; review license."
fishbase,Electrogenic,36605,unrated/context: manual review,pending,"Preserve reference IDs, length types and sex. Vulnerability, resilience, growth and trophic fields may be modeled. Habitat depth is not dive ability. Join references before promotion; review license."
fishbase,GoogleImage,36763,unrated/context: manual review,pending,"Preserve reference IDs, length types and sex. Vulnerability, resilience, growth and trophic fields may be modeled. Habitat depth is not dive ability. Join references before promotion; review license."
fishbase,Comments,23532,unrated/context: manual review,pending,"Preserve reference IDs, length types and sex. Vulnerability, resilience, growth and trophic fields may be modeled. Habitat depth is not dive ability. Join references before promotion; review license."
fishbase,PD50,36761,unrated/context: manual review,pending,"Preserve reference IDs, length types and sex. Vulnerability, resilience, growth and trophic fields may be modeled. Habitat depth is not dive ability. Join references before promotion; review license."
fishbase,Emblematic,36763,unrated/context: manual review,pending,"Preserve reference IDs, length types and sex. Vulnerability, resilience, growth and trophic fields may be modeled. Habitat depth is not dive ability. Join references before promotion; review license."
fishbase,Entered,36763,unrated/context: manual review,pending,"Preserve reference IDs, length types and sex. Vulnerability, resilience, growth and trophic fields may be modeled. Habitat depth is not dive ability. Join references before promotion; review license."
fishbase,DateEntered,36763,unrated/context: manual review,pending,"Preserve reference IDs, length types and sex. Vulnerability, resilience, growth and trophic fields may be modeled. Habitat depth is not dive ability. Join references before promotion; review license."
fishbase,Modified,31960,unrated/context: manual review,pending,"Preserve reference IDs, length types and sex. Vulnerability, resilience, growth and trophic fields may be modeled. Habitat depth is not dive ability. Join references before promotion; review license."
fishbase,DateModified,36763,unrated/context: manual review,pending,"Preserve reference IDs, length types and sex. Vulnerability, resilience, growth and trophic fields may be modeled. Habitat depth is not dive ability. Join references before promotion; review license."
fishbase,FBname,18227,unrated/context: manual review,pending,"Preserve reference IDs, length types and sex. Vulnerability, resilience, growth and trophic fields may be modeled. Habitat depth is not dive ability. Join references before promotion; review license."
fishbase,AnaCat,4581,unrated/context: manual review,pending,"Preserve reference IDs, length types and sex. Vulnerability, resilience, growth and trophic fields may be modeled. Habitat depth is not dive ability. Join references before promotion; review license."
fishbase,MigratRef,2748,unrated/context: manual review,pending,"Preserve reference IDs, length types and sex. Vulnerability, resilience, growth and trophic fields may be modeled. Habitat depth is not dive ability. Join references before promotion; review license."
fishbase,Weight,3136,priority familiar candidate,pending,"Preserve reference IDs, length types and sex. Vulnerability, resilience, growth and trophic fields may be modeled. Habitat depth is not dive ability. Join references before promotion; review license."
fishbase,MaxWeightRef,3151,unrated/context: manual review,pending,"Preserve reference IDs, length types and sex. Vulnerability, resilience, growth and trophic fields may be modeled. Habitat depth is not dive ability. Join references before promotion; review license."
fishbase,ImportanceRef,8405,unrated/context: manual review,pending,"Preserve reference IDs, length types and sex. Vulnerability, resilience, growth and trophic fields may be modeled. Habitat depth is not dive ability. Join references before promotion; review license."
fishbase,PriceCateg,27757,unrated/context: manual review,pending,"Preserve reference IDs, length types and sex. Vulnerability, resilience, growth and trophic fields may be modeled. Habitat depth is not dive ability. Join references before promotion; review license."
fishbase,MainCatchingMethod,3275,unrated/context: manual review,pending,"Preserve reference IDs, length types and sex. Vulnerability, resilience, growth and trophic fields may be modeled. Habitat depth is not dive ability. Join references before promotion; review license."
fishbase,DepthRangeShallow,14224,unrated/context: manual review,pending,"Preserve reference IDs, length types and sex. Vulnerability, resilience, growth and trophic fields may be modeled. Habitat depth is not dive ability. Join references before promotion; review license."
fishbase,DepthRangeDeep,15641,unrated/context: manual review,pending,"Preserve reference IDs, length types and sex. Vulnerability, resilience, growth and trophic fields may be modeled. Habitat depth is not dive ability. Join references before promotion; review license."
fishbase,DepthRangeRef,15490,unrated/context: manual review,pending,"Preserve reference IDs, length types and sex. Vulnerability, resilience, growth and trophic fields may be modeled. Habitat depth is not dive ability. Join references before promotion; review license."
fishbase,LandingStatistics,1077,unrated/context: manual review,pending,"Preserve reference IDs, length types and sex. Vulnerability, resilience, growth and trophic fields may be modeled. Habitat depth is not dive ability. Join references before promotion; review license."
fishbase,II,1719,unrated/context: manual review,pending,"Preserve reference IDs, length types and sex. Vulnerability, resilience, growth and trophic fields may be modeled. Habitat depth is not dive ability. Join references before promotion; review license."
fishbase,LifeCycle,773,unrated/context: manual review,pending,"Preserve reference IDs, length types and sex. Vulnerability, resilience, growth and trophic fields may be modeled. Habitat depth is not dive ability. Join references before promotion; review license."
fishbase,AquariumFishII,2758,unrated/context: manual review,pending,"Preserve reference IDs, length types and sex. Vulnerability, resilience, growth and trophic fields may be modeled. Habitat depth is not dive ability. Join references before promotion; review license."
fishbase,AquariumRef,3897,unrated/context: manual review,pending,"Preserve reference IDs, length types and sex. Vulnerability, resilience, growth and trophic fields may be modeled. Habitat depth is not dive ability. Join references before promotion; review license."
fishbase,Expert,13708,unrated/context: manual review,pending,"Preserve reference IDs, length types and sex. Vulnerability, resilience, growth and trophic fields may be modeled. Habitat depth is not dive ability. Join references before promotion; review license."
fishbase,DateChecked,13746,unrated/context: manual review,pending,"Preserve reference IDs, length types and sex. Vulnerability, resilience, growth and trophic fields may be modeled. Habitat depth is not dive ability. Join references before promotion; review license."
fishbase,LengthFemale,3277,unrated/context: manual review,pending,"Preserve reference IDs, length types and sex. Vulnerability, resilience, growth and trophic fields may be modeled. Habitat depth is not dive ability. Join references before promotion; review license."
fishbase,LTypeMaxF,3111,unrated/context: manual review,pending,"Preserve reference IDs, length types and sex. Vulnerability, resilience, growth and trophic fields may be modeled. Habitat depth is not dive ability. Join references before promotion; review license."
fishbase,PriceReliability,8724,unrated/context: manual review,pending,"Preserve reference IDs, length types and sex. Vulnerability, resilience, growth and trophic fields may be modeled. Habitat depth is not dive ability. Join references before promotion; review license."
fishbase,PicPreferredNameJ,658,unrated/context: manual review,pending,"Preserve reference IDs, length types and sex. Vulnerability, resilience, growth and trophic fields may be modeled. Habitat depth is not dive ability. Join references before promotion; review license."
fishbase,CommonLength,3774,unrated/context: manual review,pending,"Preserve reference IDs, length types and sex. Vulnerability, resilience, growth and trophic fields may be modeled. Habitat depth is not dive ability. Join references before promotion; review license."
fishbase,LTypeComM,3758,unrated/context: manual review,pending,"Preserve reference IDs, length types and sex. Vulnerability, resilience, growth and trophic fields may be modeled. Habitat depth is not dive ability. Join references before promotion; review license."
fishbase,CommonLengthRef,3759,unrated/context: manual review,pending,"Preserve reference IDs, length types and sex. Vulnerability, resilience, growth and trophic fields may be modeled. Habitat depth is not dive ability. Join references before promotion; review license."
fishbase,Pic,6452,unrated/context: manual review,pending,"Preserve reference IDs, length types and sex. Vulnerability, resilience, growth and trophic fields may be modeled. Habitat depth is not dive ability. Join references before promotion; review license."
fishbase,DangerousRef,1001,unrated/context: manual review,pending,"Preserve reference IDs, length types and sex. Vulnerability, resilience, growth and trophic fields may be modeled. Habitat depth is not dive ability. Join references before promotion; review license."
fishbase,DepthRangeComDeep,1977,unrated/context: manual review,pending,"Preserve reference IDs, length types and sex. Vulnerability, resilience, growth and trophic fields may be modeled. Habitat depth is not dive ability. Join references before promotion; review license."
fishbase,DepthComRef,2078,unrated/context: manual review,pending,"Preserve reference IDs, length types and sex. Vulnerability, resilience, growth and trophic fields may be modeled. Habitat depth is not dive ability. Join references before promotion; review license."
fishbase,DepthRangeComShallow,1921,unrated/context: manual review,pending,"Preserve reference IDs, length types and sex. Vulnerability, resilience, growth and trophic fields may be modeled. Habitat depth is not dive ability. Join references before promotion; review license."
fishbase,VulnerabilityClimate,830,unrated/context: manual review,pending,"Preserve reference IDs, length types and sex. Vulnerability, resilience, growth and trophic fields may be modeled. Habitat depth is not dive ability. Join references before promotion; review license."
fishbase,GameRef,1357,unrated/context: manual review,pending,"Preserve reference IDs, length types and sex. Vulnerability, resilience, growth and trophic fields may be modeled. Habitat depth is not dive ability. Join references before promotion; review license."
fishbase,LongevityWild,1502,priority familiar candidate,pending,"Preserve reference IDs, length types and sex. Vulnerability, resilience, growth and trophic fields may be modeled. Habitat depth is not dive ability. Join references before promotion; review license."
fishbase,LongevityWildRef,1495,unrated/context: manual review,pending,"Preserve reference IDs, length types and sex. Vulnerability, resilience, growth and trophic fields may be modeled. Habitat depth is not dive ability. Join references before promotion; review license."
fishbase,LongevityCaptive,216,priority familiar candidate,pending,"Preserve reference IDs, length types and sex. Vulnerability, resilience, growth and trophic fields may be modeled. Habitat depth is not dive ability. Join references before promotion; review license."
fishbase,LongevityCapRef,214,unrated/context: manual review,pending,"Preserve reference IDs, length types and sex. Vulnerability, resilience, growth and trophic fields may be modeled. Habitat depth is not dive ability. Join references before promotion; review license."
fishbase,Landings,520,unrated/context: manual review,pending,"Preserve reference IDs, length types and sex. Vulnerability, resilience, growth and trophic fields may be modeled. Habitat depth is not dive ability. Join references before promotion; review license."
fishbase,AquacultureRef,430,unrated/context: manual review,pending,"Preserve reference IDs, length types and sex. Vulnerability, resilience, growth and trophic fields may be modeled. Habitat depth is not dive ability. Join references before promotion; review license."
fishbase,PicPreferredNameM,1642,unrated/context: manual review,pending,"Preserve reference IDs, length types and sex. Vulnerability, resilience, growth and trophic fields may be modeled. Habitat depth is not dive ability. Join references before promotion; review license."
fishbase,PicPreferredNameF,1289,unrated/context: manual review,pending,"Preserve reference IDs, length types and sex. Vulnerability, resilience, growth and trophic fields may be modeled. Habitat depth is not dive ability. Join references before promotion; review license."
fishbase,Remark,2718,unrated/context: manual review,pending,"Preserve reference IDs, length types and sex. Vulnerability, resilience, growth and trophic fields may be modeled. Habitat depth is not dive ability. Join references before promotion; review license."
fishbase,AirBreathingRef,2391,unrated/context: manual review,pending,"Preserve reference IDs, length types and sex. Vulnerability, resilience, growth and trophic fields may be modeled. Habitat depth is not dive ability. Join references before promotion; review license."
fishbase,Remarks7,727,unrated/context: manual review,pending,"Preserve reference IDs, length types and sex. Vulnerability, resilience, growth and trophic fields may be modeled. Habitat depth is not dive ability. Join references before promotion; review license."
fishbase,BaitRef,299,unrated/context: manual review,pending,"Preserve reference IDs, length types and sex. Vulnerability, resilience, growth and trophic fields may be modeled. Habitat depth is not dive ability. Join references before promotion; review license."
fishbase,SubGenCode,390,unrated/context: manual review,pending,"Preserve reference IDs, length types and sex. Vulnerability, resilience, growth and trophic fields may be modeled. Habitat depth is not dive ability. Join references before promotion; review license."
fishbase,PictureFemale,233,unrated/context: manual review,pending,"Preserve reference IDs, length types and sex. Vulnerability, resilience, growth and trophic fields may be modeled. Habitat depth is not dive ability. Join references before promotion; review license."
fishbase,WeightFemale,166,unrated/context: manual review,pending,"Preserve reference IDs, length types and sex. Vulnerability, resilience, growth and trophic fields may be modeled. Habitat depth is not dive ability. Join references before promotion; review license."
fishbase,CommonLengthF,57,unrated/context: manual review,pending,"Preserve reference IDs, length types and sex. Vulnerability, resilience, growth and trophic fields may be modeled. Habitat depth is not dive ability. Join references before promotion; review license."
fishbase,LTypeComF,54,unrated/context: manual review,pending,"Preserve reference IDs, length types and sex. Vulnerability, resilience, growth and trophic fields may be modeled. Habitat depth is not dive ability. Join references before promotion; review license."
fishbase,ElectroRef,909,unrated/context: manual review,pending,"Preserve reference IDs, length types and sex. Vulnerability, resilience, growth and trophic fields may be modeled. Habitat depth is not dive ability. Join references before promotion; review license."
fishbase,LarvaPic,161,unrated/context: manual review,pending,"Preserve reference IDs, length types and sex. Vulnerability, resilience, growth and trophic fields may be modeled. Habitat depth is not dive ability. Join references before promotion; review license."
fishbase,TaxIssue,63,unrated/context: manual review,pending,"Preserve reference IDs, length types and sex. Vulnerability, resilience, growth and trophic fields may be modeled. Habitat depth is not dive ability. Join references before promotion; review license."
fishbase,Profile,7,unrated/context: manual review,pending,"Preserve reference IDs, length types and sex. Vulnerability, resilience, growth and trophic fields may be modeled. Habitat depth is not dive ability. Join references before promotion; review license."
fishbase,EggPic,5,unrated/context: manual review,pending,"Preserve reference IDs, length types and sex. Vulnerability, resilience, growth and trophic fields may be modeled. Habitat depth is not dive ability. Join references before promotion; review license."
disperse,Group,480,unrated/context: manual review,pending,Fuzzy-coded trait bands and often genus/family-level taxa. Research context only: never convert bands to precise values or genus records to species values.
disperse,Family,480,unrated/context: manual review,pending,Fuzzy-coded trait bands and often genus/family-level taxa. Research context only: never convert bands to precise values or genus records to species values.
disperse,Genus (if coded at this level),448,unrated/context: manual review,pending,Fuzzy-coded trait bands and often genus/family-level taxa. Research context only: never convert bands to precise values or genus records to species values.
disperse,Lowest taxonomic level,480,unrated/context: manual review,pending,Fuzzy-coded trait bands and often genus/family-level taxa. Research context only: never convert bands to precise values or genus records to species values.
disperse,s1,473,unrated/context: manual review,pending,Fuzzy-coded trait bands and often genus/family-level taxa. Research context only: never convert bands to precise values or genus records to species values.
disperse,s2,473,unrated/context: manual review,pending,Fuzzy-coded trait bands and often genus/family-level taxa. Research context only: never convert bands to precise values or genus records to species values.
disperse,s3,473,unrated/context: manual review,pending,Fuzzy-coded trait bands and often genus/family-level taxa. Research context only: never convert bands to precise values or genus records to species values.
disperse,s4,473,unrated/context: manual review,pending,Fuzzy-coded trait bands and often genus/family-level taxa. Research context only: never convert bands to precise values or genus records to species values.
disperse,s5,473,unrated/context: manual review,pending,Fuzzy-coded trait bands and often genus/family-level taxa. Research context only: never convert bands to precise values or genus records to species values.
disperse,s6,473,unrated/context: manual review,pending,Fuzzy-coded trait bands and often genus/family-level taxa. Research context only: never convert bands to precise values or genus records to species values.
disperse,s7,473,unrated/context: manual review,pending,Fuzzy-coded trait bands and often genus/family-level taxa. Research context only: never convert bands to precise values or genus records to species values.
disperse,Ref_s,480,unrated/context: manual review,pending,Fuzzy-coded trait bands and often genus/family-level taxa. Research context only: never convert bands to precise values or genus records to species values.
disperse,cd1,469,unrated/context: manual review,pending,Fuzzy-coded trait bands and often genus/family-level taxa. Research context only: never convert bands to precise values or genus records to species values.
disperse,cd2,469,unrated/context: manual review,pending,Fuzzy-coded trait bands and often genus/family-level taxa. Research context only: never convert bands to precise values or genus records to species values.
disperse,Ref_cd,479,unrated/context: manual review,pending,Fuzzy-coded trait bands and often genus/family-level taxa. Research context only: never convert bands to precise values or genus records to species values.
disperse,cy1,470,unrated/context: manual review,pending,Fuzzy-coded trait bands and often genus/family-level taxa. Research context only: never convert bands to precise values or genus records to species values.
disperse,cy2,470,unrated/context: manual review,pending,Fuzzy-coded trait bands and often genus/family-level taxa. Research context only: never convert bands to precise values or genus records to species values.
disperse,cy3,470,unrated/context: manual review,pending,Fuzzy-coded trait bands and often genus/family-level taxa. Research context only: never convert bands to precise values or genus records to species values.
disperse,Ref_cy,480,unrated/context: manual review,pending,Fuzzy-coded trait bands and often genus/family-level taxa. Research context only: never convert bands to precise values or genus records to species values.
disperse,dis1,469,unrated/context: manual review,pending,Fuzzy-coded trait bands and often genus/family-level taxa. Research context only: never convert bands to precise values or genus records to species values.
disperse,dis2,469,unrated/context: manual review,pending,Fuzzy-coded trait bands and often genus/family-level taxa. Research context only: never convert bands to precise values or genus records to species values.
disperse,dis3,469,unrated/context: manual review,pending,Fuzzy-coded trait bands and often genus/family-level taxa. Research context only: never convert bands to precise values or genus records to species values.
disperse,dis4,469,unrated/context: manual review,pending,Fuzzy-coded trait bands and often genus/family-level taxa. Research context only: never convert bands to precise values or genus records to species values.
disperse,Ref_dis,480,unrated/context: manual review,pending,Fuzzy-coded trait bands and often genus/family-level taxa. Research context only: never convert bands to precise values or genus records to species values.
disperse,life1,382,unrated/context: manual review,pending,Fuzzy-coded trait bands and often genus/family-level taxa. Research context only: never convert bands to precise values or genus records to species values.
disperse,life2,382,unrated/context: manual review,pending,Fuzzy-coded trait bands and often genus/family-level taxa. Research context only: never convert bands to precise values or genus records to species values.
disperse,life3,382,unrated/context: manual review,pending,Fuzzy-coded trait bands and often genus/family-level taxa. Research context only: never convert bands to precise values or genus records to species values.
disperse,life4,382,unrated/context: manual review,pending,Fuzzy-coded trait bands and often genus/family-level taxa. Research context only: never convert bands to precise values or genus records to species values.
disperse,Ref_life,381,unrated/context: manual review,pending,Fuzzy-coded trait bands and often genus/family-level taxa. Research context only: never convert bands to precise values or genus records to species values.
disperse,wnb1,480,unrated/context: manual review,pending,Fuzzy-coded trait bands and often genus/family-level taxa. Research context only: never convert bands to precise values or genus records to species values.
disperse,wnb2,480,unrated/context: manual review,pending,Fuzzy-coded trait bands and often genus/family-level taxa. Research context only: never convert bands to precise values or genus records to species values.
disperse,wnb3,480,unrated/context: manual review,pending,Fuzzy-coded trait bands and often genus/family-level taxa. Research context only: never convert bands to precise values or genus records to species values.
disperse,wnb4,480,unrated/context: manual review,pending,Fuzzy-coded trait bands and often genus/family-level taxa. Research context only: never convert bands to precise values or genus records to species values.
disperse,wnb5,480,unrated/context: manual review,pending,Fuzzy-coded trait bands and often genus/family-level taxa. Research context only: never convert bands to precise values or genus records to species values.
disperse,Ref_wnb,480,unrated/context: manual review,pending,Fuzzy-coded trait bands and often genus/family-level taxa. Research context only: never convert bands to precise values or genus records to species values.
disperse,egg1,358,unrated/context: manual review,pending,Fuzzy-coded trait bands and often genus/family-level taxa. Research context only: never convert bands to precise values or genus records to species values.
disperse,egg2,359,unrated/context: manual review,pending,Fuzzy-coded trait bands and often genus/family-level taxa. Research context only: never convert bands to precise values or genus records to species values.
disperse,egg3,359,unrated/context: manual review,pending,Fuzzy-coded trait bands and often genus/family-level taxa. Research context only: never convert bands to precise values or genus records to species values.
disperse,egg4,359,unrated/context: manual review,pending,Fuzzy-coded trait bands and often genus/family-level taxa. Research context only: never convert bands to precise values or genus records to species values.
disperse,Ref_egg,359,unrated/context: manual review,pending,Fuzzy-coded trait bands and often genus/family-level taxa. Research context only: never convert bands to precise values or genus records to species values.
disperse,drift1,389,unrated/context: manual review,pending,Fuzzy-coded trait bands and often genus/family-level taxa. Research context only: never convert bands to precise values or genus records to species values.
disperse,drift2,389,unrated/context: manual review,pending,Fuzzy-coded trait bands and often genus/family-level taxa. Research context only: never convert bands to precise values or genus records to species values.
disperse,drift3,389,unrated/context: manual review,pending,Fuzzy-coded trait bands and often genus/family-level taxa. Research context only: never convert bands to precise values or genus records to species values.
disperse,Ref_drift,388,unrated/context: manual review,pending,Fuzzy-coded trait bands and often genus/family-level taxa. Research context only: never convert bands to precise values or genus records to species values.
disperse,Ref_fwl,342,unrated/context: manual review,pending,Fuzzy-coded trait bands and often genus/family-level taxa. Research context only: never convert bands to precise values or genus records to species values.
disperse,fwl1,350,unrated/context: manual review,pending,Fuzzy-coded trait bands and often genus/family-level taxa. Research context only: never convert bands to precise values or genus records to species values.
disperse,fwl2,350,unrated/context: manual review,pending,Fuzzy-coded trait bands and often genus/family-level taxa. Research context only: never convert bands to precise values or genus records to species values.
disperse,fwl3,350,unrated/context: manual review,pending,Fuzzy-coded trait bands and often genus/family-level taxa. Research context only: never convert bands to precise values or genus records to species values.
disperse,fwl4,350,unrated/context: manual review,pending,Fuzzy-coded trait bands and often genus/family-level taxa. Research context only: never convert bands to precise values or genus records to species values.
disperse,fwl5,350,unrated/context: manual review,pending,Fuzzy-coded trait bands and often genus/family-level taxa. Research context only: never convert bands to precise values or genus records to species values.
disperse,fwl6,350,unrated/context: manual review,pending,Fuzzy-coded trait bands and often genus/family-level taxa. Research context only: never convert bands to precise values or genus records to species values.
disperse,fwl7,350,unrated/context: manual review,pending,Fuzzy-coded trait bands and often genus/family-level taxa. Research context only: never convert bands to precise values or genus records to species values.
disperse,fwl8,350,unrated/context: manual review,pending,Fuzzy-coded trait bands and often genus/family-level taxa. Research context only: never convert bands to precise values or genus records to species values.
disperse,fwl_info,357,unrated/context: manual review,pending,Fuzzy-coded trait bands and often genus/family-level taxa. Research context only: never convert bands to precise values or genus records to species values.
disperse,Synonyms,49,unrated/context: manual review,pending,Fuzzy-coded trait bands and often genus/family-level taxa. Research context only: never convert bands to precise values or genus records to species values.
disperse,Tribe/sub-family (if coded at this level),20,unrated/context: manual review,pending,Fuzzy-coded trait bands and often genus/family-level taxa. Research context only: never convert bands to precise values or genus records to species values.
