source_line,category_title,domain_and_series,source,quality,legacy_rejection_basis_seed,integrity_status,editorial_disposition,legacy_guard_action,reason_class,first_principles_rationale,recommended_next_action,linked_tracker_ids,linked_tracker_dispositions
589,Most asylum seekers originating,Displacement · population:coo:asylum_seekers,UNHCR,95,generic_v15_rejected_only,verified,advance_to_validation,clear_generic_legacy_block,broad_intuitive_distinct,"Broad, recognizable displacement measure with a distinct player-facing question; the old generic rejection is not a sufficient reason to suppress it.",Use the recovered UNHCR Refugee Data Finder importer; validate coverage/year consistency and then clear the legacy-only blocker.,family:unhcr:most-asylum-seekers-originating,ready_for_source_family_validation
600,Lowest upper-secondary out-of-school rate,Education · ROFST.MOD.3,UNESCO UIS,94,generic_v15_rejected_only,verified,advance_to_validation,clear_generic_legacy_block,broad_intuitive_distinct,"Out-of-school rates are intuitive, globally meaningful education-access measures; primary and upper-secondary provide meaningfully different stages without keeping every adjacent stage.",Validate the UNESCO UIS source-family rows and retain only these stage anchors unless later playtesting supports more.,family:unesco:lowest-upper-secondary-out-of-school,ready_for_source_family_validation
601,Lowest lower-secondary out-of-school rate,Education · ROFST.MOD.2,UNESCO UIS,94,generic_v15_rejected_only,verified,hold_for_family_curation,keep_reaudit_block,family_density_near_duplicate,"Plausible in isolation, but too close to a stronger retained stage/subject/infrastructure anchor or part of an over-dense education family; needs family-level curation before any legacy block is cleared.",Keep quarantined; compare against the selected UNESCO anchors and only promote if it adds a clearly different player experience.,family:unesco:lowest-lower-secondary-out-of-school,ready_for_source_family_validation
606,Highest primary-school completion rate,Education · CR.MOD.1,UNESCO UIS,94,generic_v15_rejected_only,,hold_for_family_curation,keep_reaudit_block,family_density_near_duplicate,"Plausible in isolation, but too close to a stronger retained stage/subject/infrastructure anchor or part of an over-dense education family; needs family-level curation before any legacy block is cleared.",Keep quarantined; compare against the selected UNESCO anchors and only promote if it adds a clearly different player experience.,,
607,Highest upper-secondary completion rate,Education · CR.MOD.3,UNESCO UIS,94,generic_v15_rejected_only,,advance_to_validation,clear_generic_legacy_block,broad_intuitive_distinct,Upper-secondary completion is a recognizable education outcome and is more discriminating than another near-universal primary enrollment measure.,"Resolve the exact UIS completion series in the importer, validate coverage, and use a plain-English title/definition.",,
608,Modeled lower-secondary completion rate,Education · CR.MOD.2,UNESCO UIS,94,generic_v15_rejected_only,,hold_for_family_curation,keep_reaudit_block,family_density_near_duplicate,"Plausible in isolation, but too close to a stronger retained stage/subject/infrastructure anchor or part of an over-dense education family; needs family-level curation before any legacy block is cleared.",Keep quarantined; compare against the selected UNESCO anchors and only promote if it adds a clearly different player experience.,,
609,Most asylum seekers hosted,Displacement · population:coa:asylum_seekers,UNHCR,94,generic_v15_rejected_only,verified,advance_to_validation,clear_generic_legacy_block,broad_intuitive_distinct,"Broad, recognizable displacement measure with a distinct player-facing question; the old generic rejection is not a sufficient reason to suppress it.",Use the recovered UNHCR Refugee Data Finder importer; validate coverage/year consistency and then clear the legacy-only blocker.,family:unhcr:most-asylum-seekers-hosted,ready_for_source_family_validation
795,Highest urban population share,Population · SP.URB.TOTL.IN.ZS,World Bank,90,generic_v15_rejected_only,verified,hold_for_family_curation,keep_reaudit_block,definition_overlap,"“Urban” is definition-sensitive and the new WUP family distinguishes cities, towns and rural areas; this old aggregate wording risks mixing a different urbanization concept with the newer taxonomy.",Keep blocked until the WUP urban/city/town definition strategy is finalized; prefer explicit city/town/rural wording.,,
797,Largest rural population,Population · SP.RUR.TOTL,World Bank,90,generic_v15_rejected_only,verified,advance_to_validation,clear_generic_legacy_block,source_superseded_concept_retained,"Largest rural population is intuitive and distinct; the concept remains strong, but UN WUP 2025 is now the preferred purpose-built population source.","Use the recovered UN WUP 2025 rural-population family and clear only the historical generic rejection, not the normal source/quality gates.",family:unwup:rural-population,ready_for_source_family_validation
798,Largest urban population,Population · SP.URB.TOTL,World Bank,90,generic_v15_rejected_only,verified,hold_for_family_curation,keep_reaudit_block,definition_overlap,"“Urban” is definition-sensitive and the new WUP family distinguishes cities, towns and rural areas; this old aggregate wording risks mixing a different urbanization concept with the newer taxonomy.",Keep blocked until the WUP urban/city/town definition strategy is finalized; prefer explicit city/town/rural wording.,,
801,Farthest from the equator,Geography · farthest-from-equator,Natural Earth,90,generic_v15_rejected_only,,hold_for_family_curation,keep_reaudit_block,metric_definition_needed,"Interesting in principle, but “farthest from the equator” is ambiguous unless the representative point/territorial extent method is explicit.",Keep blocked until the exact geometry statistic is defined and tested against edge cases.,,
805,Largest east-west span,Geography · largest-east-west-span,Natural Earth,90,generic_v15_rejected_only,,advance_to_validation,clear_generic_legacy_block,physical_geography_anchor,Intuitive map-based physical-geography question that adds badly needed non-economic breadth; the metric can be derived reproducibly from sovereign geometry.,"Validate the geodesic/geometry definition, edge cases and sovereign-country mapping; northernmost/southernmost already have fail-closed importer paths.",,
806,Largest geographic span,Geography · largest-geographic-span,Natural Earth,90,generic_v15_rejected_only,,retain_exclusion,confirm_reasoned_exclusion,near_duplicate_ambiguous,Generic “geographic span” collapses different east-west/north-south dimensions and is less interpretable than the two explicit span categories.,Keep excluded; use explicit east-west and north-south span metrics instead.,,
807,Largest north-south span,Geography · largest-north-south-span,Natural Earth,90,generic_v15_rejected_only,,advance_to_validation,clear_generic_legacy_block,physical_geography_anchor,Intuitive map-based physical-geography question that adds badly needed non-economic breadth; the metric can be derived reproducibly from sovereign geometry.,"Validate the geodesic/geometry definition, edge cases and sovereign-country mapping; northernmost/southernmost already have fail-closed importer paths.",,
809,Northernmost country,Geography · northernmost-country,Natural Earth,90,generic_v15_rejected_only,,advance_to_validation,clear_generic_legacy_block,physical_geography_anchor,Intuitive map-based physical-geography question that adds badly needed non-economic breadth; the metric can be derived reproducibly from sovereign geometry.,"Validate the geodesic/geometry definition, edge cases and sovereign-country mapping; northernmost/southernmost already have fail-closed importer paths.",candidate:001,ready_for_validated_import
810,Southernmost country,Geography · southernmost-country,Natural Earth,90,generic_v15_rejected_only,,advance_to_validation,clear_generic_legacy_block,physical_geography_anchor,Intuitive map-based physical-geography question that adds badly needed non-economic breadth; the metric can be derived reproducibly from sovereign geometry.,"Validate the geodesic/geometry definition, edge cases and sovereign-country mapping; northernmost/southernmost already have fail-closed importer paths.",candidate:002,ready_for_validated_import
813,Highest clean-cooking-fuel access,Infrastructure · PHE_HHAIR_POP_CLEAN_FUELS,WHO,90,generic_v15_rejected_only,,advance_to_validation,clear_generic_legacy_block,broad_health_anchor,"Broad, recognizable public-health or health-system measure that adds a distinct player-facing dimension and is not merely a demographic slice.","Validate the WHO source-family series, denominator, year consistency and coverage; retain fail-closed status until those gates pass.",,
816,Highest employment-to-population ratio,Labor · EMP_2WAP_SEX_AGE_RT_A,ILOSTAT,90,generic_v15_rejected_only,verified,hold_for_family_curation,keep_reaudit_block,labor_methodology_or_density,"Potentially useful, but either jargon/denominator-sensitive, source-repair dependent, a subgroup variant, or a lower-priority specialty labor measure; it needs family-level comparison before activation.",Keep fail-closed while curating the ILOSTAT family; promote only if the definition is intuitive and it adds a distinct board experience.,family:ilostat:highest-employment-population-ratio,ready_for_source_family_validation
817,Highest labor-income share of GDP,Labor · SDG_1041_NOC_RT_A,ILOSTAT,90,generic_v15_rejected_only,verified,hold_for_family_curation,keep_reaudit_block,labor_methodology_or_density,"Potentially useful, but either jargon/denominator-sensitive, source-repair dependent, a subgroup variant, or a lower-priority specialty labor measure; it needs family-level comparison before activation.",Keep fail-closed while curating the ILOSTAT family; promote only if the definition is intuitive and it adds a distinct board experience.,family:ilostat:highest-labor-income-share,ready_for_source_family_validation
818,Highest output per worker,Economy · GDP_205U_NOC_NB_A,ILOSTAT,90,generic_v15_rejected_only,failed,hold_for_family_curation,keep_reaudit_block,labor_methodology_or_density,"Potentially useful, but either jargon/denominator-sensitive, source-repair dependent, a subgroup variant, or a lower-priority specialty labor measure; it needs family-level comparison before activation.",Keep fail-closed while curating the ILOSTAT family; promote only if the definition is intuitive and it adds a distinct board experience.,family:ilostat:highest-output-per-worker,ready_for_source_family_validation
820,Lowest unemployment,Labor · SL.UEM.TOTL.ZS,World Bank,90,generic_v15_rejected_only,verified,advance_to_validation,clear_generic_legacy_block,high_value_source_repair,"National unemployment is highly recognizable and useful, but the existing tracker correctly requires a repaired authoritative labor-statistics path rather than reviving the old WDI row blindly.",Keep fail-closed until a validated authoritative labor source/method is resolved; legacy status alone should no longer veto the concept.,candidate:178,not_shipped_validation_or_definition_unresolved
846,"Highest account ownership at a financial institution or with a mobile-money-service provider, young adults",Economy · FX.OWN.TOTL.YG.ZS,World Bank,90,generic_v15_rejected_only,,retain_exclusion,confirm_reasoned_exclusion,subgroup_slice,Demographic subgroup slice of a broader access/use concept; the default catalog should prefer the all-population measure unless the subgroup itself is the central idea.,Keep excluded from the core playable catalog.,,
896,Highest industry share of GDP,Economy · NV.IND.TOTL.ZS,World Bank,88,generic_v15_rejected_only,verified,hold_for_family_curation,keep_reaudit_block,macro_density,"Industry and services shares of GDP are understandable, but the catalog is already economy-heavy and these complementary sector shares should be curated together rather than added automatically.",Hold for economy-family curation; promote only if sector composition materially improves board variety.,,
897,Highest services share of GDP,Economy · NV.SRV.TOTL.ZS,World Bank,88,generic_v15_rejected_only,verified,hold_for_family_curation,keep_reaudit_block,macro_density,"Industry and services shares of GDP are understandable, but the catalog is already economy-heavy and these complementary sector shares should be curated together rather than added automatically.",Hold for economy-family curation; promote only if sector composition materially improves board variety.,,
899,Fastest labor-productivity growth,Economy · SDG_0821_NOC_RT_A,ILOSTAT,88,generic_v15_rejected_only,failed,hold_for_family_curation,keep_reaudit_block,labor_methodology_or_density,"Potentially useful, but either jargon/denominator-sensitive, source-repair dependent, a subgroup variant, or a lower-priority specialty labor measure; it needs family-level comparison before activation.",Keep fail-closed while curating the ILOSTAT family; promote only if the definition is intuitive and it adds a distinct board experience.,family:ilostat:fastest-productivity-growth,ready_for_source_family_validation
946,Highest methane (CH4) emissions (total) excluding LULUCF,Environment · EN.GHG.CH4.ZG.AR5,World Bank,86,generic_v15_rejected_only,verified,retain_exclusion,confirm_reasoned_exclusion,emissions_overproliferation,"This is part of the previously overgrown emissions matrix (gas/sector/LULUCF variants). Even when technically valid, it is too repetitive or specialized relative to a small set of broad emissions anchors.",Keep excluded; any future emissions expansion must demonstrate a genuinely new player-facing concept rather than another gas/sector slice.,,
950,Highest nitrous oxide (N2O) emissions (total) excluding LULUCF,Environment · EN.GHG.N2O.MT.CE.AR5,World Bank,86,generic_v15_rejected_only,verified,retain_exclusion,confirm_reasoned_exclusion,emissions_overproliferation,"This is part of the previously overgrown emissions matrix (gas/sector/LULUCF variants). Even when technically valid, it is too repetitive or specialized relative to a small set of broad emissions anchors.",Keep excluded; any future emissions expansion must demonstrate a genuinely new player-facing concept rather than another gas/sector slice.,,
951,Highest nitrous oxide (N2O) emissions (total) excluding LULUCF,Environment · EN.GHG.N2O.ZG.AR5,World Bank,86,generic_v15_rejected_only,verified,retain_exclusion,confirm_reasoned_exclusion,emissions_overproliferation,"This is part of the previously overgrown emissions matrix (gas/sector/LULUCF variants). Even when technically valid, it is too repetitive or specialized relative to a small set of broad emissions anchors.",Keep excluded; any future emissions expansion must demonstrate a genuinely new player-facing concept rather than another gas/sector slice.,,
956,Highest total greenhouse gas emissions excluding LULUCF,Environment · EN.GHG.TOT.ZG.AR5,World Bank,86,generic_v15_rejected_only,verified,retain_exclusion,confirm_reasoned_exclusion,emissions_overproliferation,"This is part of the previously overgrown emissions matrix (gas/sector/LULUCF variants). Even when technically valid, it is too repetitive or specialized relative to a small set of broad emissions anchors.",Keep excluded; any future emissions expansion must demonstrate a genuinely new player-facing concept rather than another gas/sector slice.,,
959,Highest carbon dioxide (CO2) emissions (total) excluding LULUCF,Environment · EN.GHG.CO2.ZG.AR5,World Bank,86,generic_v15_rejected_only,verified,retain_exclusion,confirm_reasoned_exclusion,emissions_overproliferation,"This is part of the previously overgrown emissions matrix (gas/sector/LULUCF variants). Even when technically valid, it is too repetitive or specialized relative to a small set of broad emissions anchors.",Keep excluded; any future emissions expansion must demonstrate a genuinely new player-facing concept rather than another gas/sector slice.,,
966,Highest internet usage,Technology · IT.NET.USER.ZS,World Bank,86,generic_v15_rejected_only,verified,advance_to_validation,clear_generic_legacy_block,source_superseded_concept_retained,"Internet-use share is a broad, intuitive technology-access measure; it is meaningfully different from secure-server counts and school internet access.","Use the recovered infrastructure/internet-use source-family path, validate coverage/year consistency, and prefer the clearer “internet-use share” wording.",,
968,Highest methane (CH4) emissions from Fugitive Emissions (Energy),Environment · EN.GHG.CH4.FE.MT.CE.AR5,World Bank,86,generic_v15_rejected_only,verified,retain_exclusion,confirm_reasoned_exclusion,emissions_overproliferation,"This is part of the previously overgrown emissions matrix (gas/sector/LULUCF variants). Even when technically valid, it is too repetitive or specialized relative to a small set of broad emissions anchors.",Keep excluded; any future emissions expansion must demonstrate a genuinely new player-facing concept rather than another gas/sector slice.,,
969,Highest methane (CH4) emissions from Industrial Combustion (Energy),Environment · EN.GHG.CH4.IC.MT.CE.AR5,World Bank,86,generic_v15_rejected_only,verified,retain_exclusion,confirm_reasoned_exclusion,emissions_overproliferation,"This is part of the previously overgrown emissions matrix (gas/sector/LULUCF variants). Even when technically valid, it is too repetitive or specialized relative to a small set of broad emissions anchors.",Keep excluded; any future emissions expansion must demonstrate a genuinely new player-facing concept rather than another gas/sector slice.,,
970,Highest methane (CH4) emissions from Power Industry (Energy),Environment · EN.GHG.CH4.PI.MT.CE.AR5,World Bank,86,generic_v15_rejected_only,verified,retain_exclusion,confirm_reasoned_exclusion,emissions_overproliferation,"This is part of the previously overgrown emissions matrix (gas/sector/LULUCF variants). Even when technically valid, it is too repetitive or specialized relative to a small set of broad emissions anchors.",Keep excluded; any future emissions expansion must demonstrate a genuinely new player-facing concept rather than another gas/sector slice.,,
972,Highest nitrous oxide (N2O) emissions from Building (Energy),Environment · EN.GHG.N2O.BU.MT.CE.AR5,World Bank,86,generic_v15_rejected_only,verified,retain_exclusion,confirm_reasoned_exclusion,emissions_overproliferation,"This is part of the previously overgrown emissions matrix (gas/sector/LULUCF variants). Even when technically valid, it is too repetitive or specialized relative to a small set of broad emissions anchors.",Keep excluded; any future emissions expansion must demonstrate a genuinely new player-facing concept rather than another gas/sector slice.,,
973,Highest nitrous oxide (N2O) emissions from Industrial Combustion (Energy),Environment · EN.GHG.N2O.IC.MT.CE.AR5,World Bank,86,generic_v15_rejected_only,verified,retain_exclusion,confirm_reasoned_exclusion,emissions_overproliferation,"This is part of the previously overgrown emissions matrix (gas/sector/LULUCF variants). Even when technically valid, it is too repetitive or specialized relative to a small set of broad emissions anchors.",Keep excluded; any future emissions expansion must demonstrate a genuinely new player-facing concept rather than another gas/sector slice.,,
974,Highest nitrous oxide (N2O) emissions from Power Industry (Energy),Environment · EN.GHG.N2O.PI.MT.CE.AR5,World Bank,86,generic_v15_rejected_only,verified,retain_exclusion,confirm_reasoned_exclusion,emissions_overproliferation,"This is part of the previously overgrown emissions matrix (gas/sector/LULUCF variants). Even when technically valid, it is too repetitive or specialized relative to a small set of broad emissions anchors.",Keep excluded; any future emissions expansion must demonstrate a genuinely new player-facing concept rather than another gas/sector slice.,,
975,Highest nitrous oxide (N2O) emissions from Transport (Energy),Environment · EN.GHG.N2O.TR.MT.CE.AR5,World Bank,86,generic_v15_rejected_only,verified,retain_exclusion,confirm_reasoned_exclusion,emissions_overproliferation,"This is part of the previously overgrown emissions matrix (gas/sector/LULUCF variants). Even when technically valid, it is too repetitive or specialized relative to a small set of broad emissions anchors.",Keep excluded; any future emissions expansion must demonstrate a genuinely new player-facing concept rather than another gas/sector slice.,,
976,Highest carbon intensity of GDP,Environment · EN.GHG.CO2.RT.GDP.PP.KD,World Bank,86,generic_v15_rejected_only,verified,hold_for_family_curation,keep_reaudit_block,emissions_methodology_density,"Carbon intensity is more distinct than raw emissions totals, but it still needs a clearly defined denominator/method and must be considered against the intentionally pruned emissions family.",Keep quarantined until the carbon-intensity methodology is resolved and emissions-family density is reviewed.,,
1016,Highest nitrous oxide (N2O) emissions from Fugitive Emissions (Energy),Environment · EN.GHG.N2O.FE.MT.CE.AR5,World Bank,85,generic_v15_rejected_only,verified,retain_exclusion,confirm_reasoned_exclusion,emissions_overproliferation,"This is part of the previously overgrown emissions matrix (gas/sector/LULUCF variants). Even when technically valid, it is too repetitive or specialized relative to a small set of broad emissions anchors.",Keep excluded; any future emissions expansion must demonstrate a genuinely new player-facing concept rather than another gas/sector slice.,,
1045,Largest exports,Economy · NE.EXP.GNFS.CD,World Bank,84,generic_v15_rejected_only,verified,retain_exclusion,confirm_reasoned_exclusion,duplicate_or_ambiguous_macro,Generic “exports/imports” duplicates clearer existing trade categories and is ambiguous about goods/services/primary income scope.,Keep excluded; use the already retained explicitly defined trade categories.,,
1046,Largest imports,Economy · NE.IMP.GNFS.CD,World Bank,84,generic_v15_rejected_only,verified,retain_exclusion,confirm_reasoned_exclusion,duplicate_or_ambiguous_macro,Generic “exports/imports” duplicates clearer existing trade categories and is ambiguous about goods/services/primary income scope.,Keep excluded; use the already retained explicitly defined trade categories.,,
1075,Highest carbon dioxide (CO2) emissions from Fugitive Emissions (Energy),Environment · EN.GHG.CO2.FE.MT.CE.AR5,World Bank,83,generic_v15_rejected_only,verified,retain_exclusion,confirm_reasoned_exclusion,emissions_overproliferation,"This is part of the previously overgrown emissions matrix (gas/sector/LULUCF variants). Even when technically valid, it is too repetitive or specialized relative to a small set of broad emissions anchors.",Keep excluded; any future emissions expansion must demonstrate a genuinely new player-facing concept rather than another gas/sector slice.,,
1105,Highest final consumption expenditure,Economy · NE.CON.TOTL.ZS,World Bank,83,generic_v15_rejected_only,verified,hold_for_family_curation,keep_reaudit_block,macro_or_landuse_curation,"Potentially understandable after careful naming, but it sits in an already dense macro/land-use family and is not strong enough to clear the legacy block without comparing nearby alternatives.","Hold for family-level editorial curation; prefer the single clearest, most comparable representative metric rather than multiple accounting variants.",,
1106,Highest general government final consumption expenditure,Economy · NE.CON.GOVT.ZS,World Bank,83,generic_v15_rejected_only,verified,hold_for_family_curation,keep_reaudit_block,macro_or_landuse_curation,"Potentially understandable after careful naming, but it sits in an already dense macro/land-use family and is not strong enough to clear the legacy block without comparing nearby alternatives.","Hold for family-level editorial curation; prefer the single clearest, most comparable representative metric rather than multiple accounting variants.",,
1107,Highest final consumption expenditure,Economy · NE.CON.TOTL.CD,World Bank,83,generic_v15_rejected_only,verified,retain_exclusion,confirm_reasoned_exclusion,macro_overproliferation,"One of many national-accounts total/constant-price/growth variants with low marginal player value, jargon-heavy naming, or a near-duplicate preferred alternative; economy is already overrepresented.",Keep excluded; do not rebuild the old national-accounts matrix. Reconsider only a separately justified plain-English concept.,,
1108,Highest government consumption,Government · NE.CON.GOVT.CD,World Bank,83,generic_v15_rejected_only,verified,retain_exclusion,confirm_reasoned_exclusion,macro_overproliferation,"One of many national-accounts total/constant-price/growth variants with low marginal player value, jargon-heavy naming, or a near-duplicate preferred alternative; economy is already overrepresented.",Keep excluded; do not rebuild the old national-accounts matrix. Reconsider only a separately justified plain-English concept.,,
1109,Highest gross national expenditure,Economy · NE.DAB.TOTL.ZS,World Bank,83,generic_v15_rejected_only,verified,retain_exclusion,confirm_reasoned_exclusion,macro_overproliferation,"One of many national-accounts total/constant-price/growth variants with low marginal player value, jargon-heavy naming, or a near-duplicate preferred alternative; economy is already overrepresented.",Keep excluded; do not rebuild the old national-accounts matrix. Reconsider only a separately justified plain-English concept.,,
1110,Highest households and NPISHs final consumption expenditure,Economy · NE.CON.PRVT.ZS,World Bank,83,generic_v15_rejected_only,verified,hold_for_family_curation,keep_reaudit_block,macro_or_landuse_curation,"Potentially understandable after careful naming, but it sits in an already dense macro/land-use family and is not strong enough to clear the legacy block without comparing nearby alternatives.","Hold for family-level editorial curation; prefer the single clearest, most comparable representative metric rather than multiple accounting variants.",,
1111,Highest gross national expenditure,Economy · NE.DAB.TOTL.CD,World Bank,83,generic_v15_rejected_only,verified,retain_exclusion,confirm_reasoned_exclusion,macro_overproliferation,"One of many national-accounts total/constant-price/growth variants with low marginal player value, jargon-heavy naming, or a near-duplicate preferred alternative; economy is already overrepresented.",Keep excluded; do not rebuild the old national-accounts matrix. Reconsider only a separately justified plain-English concept.,,
1112,Highest household consumption,Economy · NE.CON.PRVT.CD,World Bank,83,generic_v15_rejected_only,verified,retain_exclusion,confirm_reasoned_exclusion,macro_overproliferation,"One of many national-accounts total/constant-price/growth variants with low marginal player value, jargon-heavy naming, or a near-duplicate preferred alternative; economy is already overrepresented.",Keep excluded; do not rebuild the old national-accounts matrix. Reconsider only a separately justified plain-English concept.,,
1113,Highest final consumption expenditure,Economy · NE.CON.TOTL.KD,World Bank,83,generic_v15_rejected_only,failed,retain_exclusion,confirm_reasoned_exclusion,macro_overproliferation,"One of many national-accounts total/constant-price/growth variants with low marginal player value, jargon-heavy naming, or a near-duplicate preferred alternative; economy is already overrepresented.",Keep excluded; do not rebuild the old national-accounts matrix. Reconsider only a separately justified plain-English concept.,,
1115,"Highest households and NPISHs Final consumption expenditure per capita, PPP",Development · NE.CON.PCAP.PP.KD,World Bank,83,generic_v15_rejected_only,verified,advance_to_validation,clear_generic_legacy_block,broad_intuitive_rewrite,"Household consumption per person at PPP is a meaningful living-standard concept, unlike the many total/local-currency national-accounts variants around it; the player-facing copy must be simplified.",Validate a comparable PPP per-capita series and rewrite as plain-English household consumption per person; keep all adjacent aggregate variants excluded/held.,,
1116,"Highest households and NPISHs Final consumption expenditure, PPP",Economy · NE.CON.PRVT.PP.KD,World Bank,83,generic_v15_rejected_only,verified,retain_exclusion,confirm_reasoned_exclusion,macro_overproliferation,"One of many national-accounts total/constant-price/growth variants with low marginal player value, jargon-heavy naming, or a near-duplicate preferred alternative; economy is already overrepresented.",Keep excluded; do not rebuild the old national-accounts matrix. Reconsider only a separately justified plain-English concept.,,
1154,Highest fixed telephone subscriptions per 100 people,Technology · IT.MLT.MAIN.P2,World Bank,82,generic_v15_rejected_only,verified,retain_exclusion,confirm_reasoned_exclusion,low_marginal_value_near_duplicate,Fixed-line subscriptions per 100 adds limited current-world value and sits next to an already retained fixed-telephone category; it is not a priority use of catalog space.,Keep excluded unless future historical/technology curation creates a specific need.,,
1155,Largest agricultural land area,Agriculture · AG.LND.AGRI.K2,World Bank,82,generic_v15_rejected_only,verified,hold_for_family_curation,keep_reaudit_block,macro_or_landuse_curation,"Potentially understandable after careful naming, but it sits in an already dense macro/land-use family and is not strong enough to clear the legacy block without comparing nearby alternatives.","Hold for family-level editorial curation; prefer the single clearest, most comparable representative metric rather than multiple accounting variants.",,
1157,Most separate land areas,Geography · most-separate-land-areas,Natural Earth,82,generic_v15_rejected_only,,retain_exclusion,confirm_reasoned_exclusion,arbitrary_threshold_niche,Counting separate land areas—especially “large” areas—depends on arbitrary geometry/threshold choices and is less intuitive than stronger map-based geography concepts.,Keep excluded from the core catalog.,,
1163,Highest primary-school enrollment,Education · GER.1,UNESCO UIS,82,generic_v15_rejected_only,verified,hold_for_family_curation,keep_reaudit_block,family_density_near_duplicate,"Plausible in isolation, but too close to a stronger retained stage/subject/infrastructure anchor or part of an over-dense education family; needs family-level curation before any legacy block is cleared.",Keep quarantined; compare against the selected UNESCO anchors and only promote if it adds a clearly different player experience.,family:unesco:highest-primary-enrollment,ready_for_source_family_validation
1166,Highest carbon dioxide (CO2) net fluxes from LULUCF - Forest Land,Environment · EN.GHG.CO2.LU.FL.MT.CE.AR5,World Bank,82,generic_v15_rejected_only,verified,retain_exclusion,confirm_reasoned_exclusion,emissions_overproliferation,"This is part of the previously overgrown emissions matrix (gas/sector/LULUCF variants). Even when technically valid, it is too repetitive or specialized relative to a small set of broad emissions anchors.",Keep excluded; any future emissions expansion must demonstrate a genuinely new player-facing concept rather than another gas/sector slice.,,
1168,Most cereal produced,Agriculture · AG.PRD.CREL.MT,World Bank,82,generic_v15_rejected_only,verified,clear_legacy_block_current_path_governs,clear_generic_legacy_block,superseded_source_existing_primary_path,"The old World Bank cereal-production path should stay retired, but that is not a concept-level veto: a clearer FAOSTAT cereal-production category is already retained under the shared gates.",Clear the stale legacy-title/semantic blocker so the existing FAOSTAT category is governed by current shared quality and duplication gates; do not revive the World Bank route.,,
1169,Highest cereal yield,Agriculture · AG.YLD.CREL.KG,World Bank,82,generic_v15_rejected_only,verified,retain_exclusion,confirm_reasoned_exclusion,superseded_primary_source,Cereal production/yield is better sourced directly from FAOSTAT and would add another agriculture variant in an already saturated domain.,Keep this World Bank route excluded; only reconsider the concept through curated primary-source agriculture coverage if it is distinct enough.,,
1170,Highest total greenhouse gas emissions including LULUCF,Environment · EN.GHG.ALL.LU.MT.CE.AR5,World Bank,82,generic_v15_rejected_only,verified,retain_exclusion,confirm_reasoned_exclusion,emissions_overproliferation,"This is part of the previously overgrown emissions matrix (gas/sector/LULUCF variants). Even when technically valid, it is too repetitive or specialized relative to a small set of broad emissions anchors.",Keep excluded; any future emissions expansion must demonstrate a genuinely new player-facing concept rather than another gas/sector slice.,,
1173,Highest final consumption expenditure,Economy · NE.CON.TOTL.CN,World Bank,82,generic_v15_rejected_only,verified,retain_exclusion,confirm_reasoned_exclusion,cross_country_comparability_invalid,"Absolute local-currency or linked/local-currency series is not valid for direct cross-country ranking; this is a hard comparability failure, not merely an old editorial preference.",Keep excluded under the permanent local-currency comparability gate.,,
1174,Highest general government final consumption expenditure,Economy · NE.CON.GOVT.CN,World Bank,82,generic_v15_rejected_only,verified,retain_exclusion,confirm_reasoned_exclusion,cross_country_comparability_invalid,"Absolute local-currency or linked/local-currency series is not valid for direct cross-country ranking; this is a hard comparability failure, not merely an old editorial preference.",Keep excluded under the permanent local-currency comparability gate.,,
1177,Highest investment share,Economy · NE.GDI.TOTL.ZS,World Bank,82,generic_v15_rejected_only,verified,hold_for_family_curation,keep_reaudit_block,macro_or_landuse_curation,"Potentially understandable after careful naming, but it sits in an already dense macro/land-use family and is not strong enough to clear the legacy block without comparing nearby alternatives.","Hold for family-level editorial curation; prefer the single clearest, most comparable representative metric rather than multiple accounting variants.",,
1178,Highest gross capital formation,Economy · NE.GDI.TOTL.CD,World Bank,82,generic_v15_rejected_only,verified,retain_exclusion,confirm_reasoned_exclusion,macro_overproliferation,"One of many national-accounts total/constant-price/growth variants with low marginal player value, jargon-heavy naming, or a near-duplicate preferred alternative; economy is already overrepresented.",Keep excluded; do not rebuild the old national-accounts matrix. Reconsider only a separately justified plain-English concept.,existing:NE.GDI.TOTL.CN,blocked_re_source
1179,Highest gross national expenditure,Economy · NE.DAB.TOTL.CN,World Bank,82,generic_v15_rejected_only,verified,retain_exclusion,confirm_reasoned_exclusion,cross_country_comparability_invalid,"Absolute local-currency or linked/local-currency series is not valid for direct cross-country ranking; this is a hard comparability failure, not merely an old editorial preference.",Keep excluded under the permanent local-currency comparability gate.,,
1180,Highest households and NPISHs Final consumption expenditure,Economy · NE.CON.PRVT.CN,World Bank,82,generic_v15_rejected_only,verified,retain_exclusion,confirm_reasoned_exclusion,cross_country_comparability_invalid,"Absolute local-currency or linked/local-currency series is not valid for direct cross-country ranking; this is a hard comparability failure, not merely an old editorial preference.",Keep excluded under the permanent local-currency comparability gate.,,
1181,Highest households and NPISHs final consumption expenditure: linked series,Economy · NE.CON.PRVT.CN.AD,World Bank,82,generic_v15_rejected_only,verified,retain_exclusion,confirm_reasoned_exclusion,cross_country_comparability_invalid,"Absolute local-currency or linked/local-currency series is not valid for direct cross-country ranking; this is a hard comparability failure, not merely an old editorial preference.",Keep excluded under the permanent local-currency comparability gate.,,
1182,Highest final consumption expenditure,Economy · NE.CON.TOTL.KN,World Bank,82,generic_v15_rejected_only,verified,retain_exclusion,confirm_reasoned_exclusion,cross_country_comparability_invalid,"Absolute local-currency or linked/local-currency series is not valid for direct cross-country ranking; this is a hard comparability failure, not merely an old editorial preference.",Keep excluded under the permanent local-currency comparability gate.,,
1184,Highest general government final consumption expenditure,Economy · NE.CON.GOVT.KN,World Bank,82,generic_v15_rejected_only,verified,retain_exclusion,confirm_reasoned_exclusion,cross_country_comparability_invalid,"Absolute local-currency or linked/local-currency series is not valid for direct cross-country ranking; this is a hard comparability failure, not merely an old editorial preference.",Keep excluded under the permanent local-currency comparability gate.,,
1185,Highest households and NPISHs Final consumption expenditure,Economy · NE.CON.PRVT.KN,World Bank,82,generic_v15_rejected_only,verified,retain_exclusion,confirm_reasoned_exclusion,cross_country_comparability_invalid,"Absolute local-currency or linked/local-currency series is not valid for direct cross-country ranking; this is a hard comparability failure, not merely an old editorial preference.",Keep excluded under the permanent local-currency comparability gate.,,
1187,Highest households and NPISHs Final consumption expenditure,Economy · NE.CON.PRVT.KD,World Bank,82,generic_v15_rejected_only,failed,retain_exclusion,confirm_reasoned_exclusion,macro_overproliferation,"One of many national-accounts total/constant-price/growth variants with low marginal player value, jargon-heavy naming, or a near-duplicate preferred alternative; economy is already overrepresented.",Keep excluded; do not rebuild the old national-accounts matrix. Reconsider only a separately justified plain-English concept.,,
1188,Highest households and NPISHs Final consumption expenditure per capita,Economy · NE.CON.PRVT.PC.KD,World Bank,82,generic_v15_rejected_only,failed,retain_exclusion,confirm_reasoned_exclusion,macro_overproliferation,"One of many national-accounts total/constant-price/growth variants with low marginal player value, jargon-heavy naming, or a near-duplicate preferred alternative; economy is already overrepresented.",Keep excluded; do not rebuild the old national-accounts matrix. Reconsider only a separately justified plain-English concept.,,
1189,Highest general government final consumption expenditure,Economy · NE.CON.GOVT.KD,World Bank,82,generic_v15_rejected_only,failed,retain_exclusion,confirm_reasoned_exclusion,macro_overproliferation,"One of many national-accounts total/constant-price/growth variants with low marginal player value, jargon-heavy naming, or a near-duplicate preferred alternative; economy is already overrepresented.",Keep excluded; do not rebuild the old national-accounts matrix. Reconsider only a separately justified plain-English concept.,,
1190,Highest gross national expenditure deflator,Economy · NE.DAB.DEFL.ZS,World Bank,82,generic_v15_rejected_only,failed,retain_exclusion,confirm_reasoned_exclusion,macro_overproliferation,"One of many national-accounts total/constant-price/growth variants with low marginal player value, jargon-heavy naming, or a near-duplicate preferred alternative; economy is already overrepresented.",Keep excluded; do not rebuild the old national-accounts matrix. Reconsider only a separately justified plain-English concept.,,
1193,"Highest households and NPISHs Final consumption expenditure per capita, PPP",Development · NE.CON.PCAP.PP.CD,World Bank,82,generic_v15_rejected_only,verified,retain_exclusion,confirm_reasoned_exclusion,macro_overproliferation,"One of many national-accounts total/constant-price/growth variants with low marginal player value, jargon-heavy naming, or a near-duplicate preferred alternative; economy is already overrepresented.",Keep excluded; do not rebuild the old national-accounts matrix. Reconsider only a separately justified plain-English concept.,,
1194,"Highest households and NPISHs Final consumption expenditure, PPP",Economy · NE.CON.PRVT.PP.CD,World Bank,82,generic_v15_rejected_only,verified,retain_exclusion,confirm_reasoned_exclusion,macro_overproliferation,"One of many national-accounts total/constant-price/growth variants with low marginal player value, jargon-heavy naming, or a near-duplicate preferred alternative; economy is already overrepresented.",Keep excluded; do not rebuild the old national-accounts matrix. Reconsider only a separately justified plain-English concept.,,
1196,Highest gross savings rate,Economy · NY.GNS.ICTR.ZS,World Bank,82,generic_v15_rejected_only,verified,hold_for_family_curation,keep_reaudit_block,macro_or_landuse_curation,"Potentially understandable after careful naming, but it sits in an already dense macro/land-use family and is not strong enough to clear the legacy block without comparing nearby alternatives.","Hold for family-level editorial curation; prefer the single clearest, most comparable representative metric rather than multiple accounting variants.",,
1209,Highest carbon dioxide (CO2) net fluxes from LULUCF - Total excluding non-tropical fires,Environment · EN.GHG.CO2.LU.MT.CE.AR5,World Bank,81,generic_v15_rejected_only,verified,retain_exclusion,confirm_reasoned_exclusion,emissions_overproliferation,"This is part of the previously overgrown emissions matrix (gas/sector/LULUCF variants). Even when technically valid, it is too repetitive or specialized relative to a small set of broad emissions anchors.",Keep excluded; any future emissions expansion must demonstrate a genuinely new player-facing concept rather than another gas/sector slice.,,
1212,Highest gross fixed capital formation,Economy · NE.GDI.FTOT.ZS,World Bank,81,generic_v15_rejected_only,verified,retain_exclusion,confirm_reasoned_exclusion,macro_overproliferation,"One of many national-accounts total/constant-price/growth variants with low marginal player value, jargon-heavy naming, or a near-duplicate preferred alternative; economy is already overrepresented.",Keep excluded; do not rebuild the old national-accounts matrix. Reconsider only a separately justified plain-English concept.,,
1213,Highest gross fixed capital formation,Economy · NE.GDI.FTOT.CN,World Bank,81,generic_v15_rejected_only,verified,retain_exclusion,confirm_reasoned_exclusion,cross_country_comparability_invalid,"Absolute local-currency or linked/local-currency series is not valid for direct cross-country ranking; this is a hard comparability failure, not merely an old editorial preference.",Keep excluded under the permanent local-currency comparability gate.,,
1214,Highest gross fixed capital formation,Economy · NE.GDI.FTOT.CD,World Bank,81,generic_v15_rejected_only,verified,retain_exclusion,confirm_reasoned_exclusion,macro_overproliferation,"One of many national-accounts total/constant-price/growth variants with low marginal player value, jargon-heavy naming, or a near-duplicate preferred alternative; economy is already overrepresented.",Keep excluded; do not rebuild the old national-accounts matrix. Reconsider only a separately justified plain-English concept.,,
1215,Highest gross national expenditure,Economy · NE.DAB.TOTL.KN,World Bank,81,generic_v15_rejected_only,verified,retain_exclusion,confirm_reasoned_exclusion,cross_country_comparability_invalid,"Absolute local-currency or linked/local-currency series is not valid for direct cross-country ranking; this is a hard comparability failure, not merely an old editorial preference.",Keep excluded under the permanent local-currency comparability gate.,,
1217,Highest gross national expenditure,Economy · NE.DAB.TOTL.KD,World Bank,81,generic_v15_rejected_only,failed,retain_exclusion,confirm_reasoned_exclusion,macro_overproliferation,"One of many national-accounts total/constant-price/growth variants with low marginal player value, jargon-heavy naming, or a near-duplicate preferred alternative; economy is already overrepresented.",Keep excluded; do not rebuild the old national-accounts matrix. Reconsider only a separately justified plain-English concept.,,
1255,Most large separate land areas,Geography · most-large-land-areas,Natural Earth,80,generic_v15_rejected_only,,retain_exclusion,confirm_reasoned_exclusion,arbitrary_threshold_niche,Counting separate land areas—especially “large” areas—depends on arbitrary geometry/threshold choices and is less intuitive than stronger map-based geography concepts.,Keep excluded from the core catalog.,,
1256,Highest final consumption expenditure,Economy · NE.CON.TOTL.KD.ZG,World Bank,80,generic_v15_rejected_only,verified,retain_exclusion,confirm_reasoned_exclusion,macro_overproliferation,"One of many national-accounts total/constant-price/growth variants with low marginal player value, jargon-heavy naming, or a near-duplicate preferred alternative; economy is already overrepresented.",Keep excluded; do not rebuild the old national-accounts matrix. Reconsider only a separately justified plain-English concept.,,
1257,Highest households and NPISHs Final consumption expenditure,Economy · NE.CON.PRVT.KD.ZG,World Bank,80,generic_v15_rejected_only,verified,retain_exclusion,confirm_reasoned_exclusion,macro_overproliferation,"One of many national-accounts total/constant-price/growth variants with low marginal player value, jargon-heavy naming, or a near-duplicate preferred alternative; economy is already overrepresented.",Keep excluded; do not rebuild the old national-accounts matrix. Reconsider only a separately justified plain-English concept.,,
1258,Highest gross fixed capital formation,Economy · NE.GDI.FTOT.KN,World Bank,80,generic_v15_rejected_only,verified,retain_exclusion,confirm_reasoned_exclusion,cross_country_comparability_invalid,"Absolute local-currency or linked/local-currency series is not valid for direct cross-country ranking; this is a hard comparability failure, not merely an old editorial preference.",Keep excluded under the permanent local-currency comparability gate.,,
1259,Highest gross capital formation,Economy · NE.GDI.TOTL.KD,World Bank,80,generic_v15_rejected_only,failed,retain_exclusion,confirm_reasoned_exclusion,macro_overproliferation,"One of many national-accounts total/constant-price/growth variants with low marginal player value, jargon-heavy naming, or a near-duplicate preferred alternative; economy is already overrepresented.",Keep excluded; do not rebuild the old national-accounts matrix. Reconsider only a separately justified plain-English concept.,existing:NE.GDI.TOTL.CN,blocked_re_source
1260,Highest gross fixed capital formation,Economy · NE.GDI.FTOT.KD,World Bank,80,generic_v15_rejected_only,failed,retain_exclusion,confirm_reasoned_exclusion,macro_overproliferation,"One of many national-accounts total/constant-price/growth variants with low marginal player value, jargon-heavy naming, or a near-duplicate preferred alternative; economy is already overrepresented.",Keep excluded; do not rebuild the old national-accounts matrix. Reconsider only a separately justified plain-English concept.,,
1288,Highest carbon dioxide (CO2) net fluxes from LULUCF - Deforestation,Environment · EN.GHG.CO2.LU.DF.MT.CE.AR5,World Bank,79,generic_v15_rejected_only,verified,retain_exclusion,confirm_reasoned_exclusion,emissions_overproliferation,"This is part of the previously overgrown emissions matrix (gas/sector/LULUCF variants). Even when technically valid, it is too repetitive or specialized relative to a small set of broad emissions anchors.",Keep excluded; any future emissions expansion must demonstrate a genuinely new player-facing concept rather than another gas/sector slice.,,
1289,Highest general government final consumption expenditure,Economy · NE.CON.GOVT.KD.ZG,World Bank,79,generic_v15_rejected_only,verified,retain_exclusion,confirm_reasoned_exclusion,macro_overproliferation,"One of many national-accounts total/constant-price/growth variants with low marginal player value, jargon-heavy naming, or a near-duplicate preferred alternative; economy is already overrepresented.",Keep excluded; do not rebuild the old national-accounts matrix. Reconsider only a separately justified plain-English concept.,,
1290,Fastest households and NPISHs Final consumption expenditure per capita growth,Economy · NE.CON.PRVT.PC.KD.ZG,World Bank,79,generic_v15_rejected_only,verified,hold_for_family_curation,keep_reaudit_block,macro_or_landuse_curation,"Potentially understandable after careful naming, but it sits in an already dense macro/land-use family and is not strong enough to clear the legacy block without comparing nearby alternatives.","Hold for family-level editorial curation; prefer the single clearest, most comparable representative metric rather than multiple accounting variants.",,
1324,Lowest primary out-of-school rate,Education · ROFST.1.CP,UNESCO UIS,78,generic_v15_rejected_only,verified,advance_to_validation,clear_generic_legacy_block,broad_intuitive_distinct,"Out-of-school rates are intuitive, globally meaningful education-access measures; primary and upper-secondary provide meaningfully different stages without keeping every adjacent stage.",Validate the UNESCO UIS source-family rows and retain only these stage anchors unless later playtesting supports more.,family:unesco:lowest-primary-out-of-school,ready_for_source_family_validation
1357,Highest secondary-school enrollment,Education · GER.2T3,UNESCO UIS,77,generic_v15_rejected_only,verified,hold_for_family_curation,keep_reaudit_block,family_density_near_duplicate,"Plausible in isolation, but too close to a stronger retained stage/subject/infrastructure anchor or part of an over-dense education family; needs family-level curation before any legacy block is cleared.",Keep quarantined; compare against the selected UNESCO anchors and only promote if it adds a clearly different player experience.,family:unesco:highest-secondary-enrollment,ready_for_source_family_validation
1359,Highest gross fixed capital formation,Economy · NE.GDI.FTOT.KD.ZG,World Bank,77,generic_v15_rejected_only,verified,retain_exclusion,confirm_reasoned_exclusion,macro_overproliferation,"One of many national-accounts total/constant-price/growth variants with low marginal player value, jargon-heavy naming, or a near-duplicate preferred alternative; economy is already overrepresented.",Keep excluded; do not rebuild the old national-accounts matrix. Reconsider only a separately justified plain-English concept.,,
1442,Highest education spending share of GDP,Government · XGDP.FSGOV,UNESCO UIS,75,generic_v15_rejected_only,verified,advance_to_validation,clear_generic_legacy_block,broad_intuitive_distinct,"Distinct, understandable education/science-system dimension that adds breadth beyond enrollment/completion without being a demographic slice.",Validate the recovered UIS series and coverage; keep fail-closed until the source-family gate passes.,family:unesco:highest-education-spending-gdp,ready_for_source_family_validation
1443,Highest tertiary enrollment,Education · GER.5T8,UNESCO UIS,75,generic_v15_rejected_only,verified,advance_to_validation,clear_generic_legacy_block,broad_intuitive_distinct,"Distinct, understandable education/science-system dimension that adds breadth beyond enrollment/completion without being a demographic slice.",Validate the recovered UIS series and coverage; keep fail-closed until the source-family gate passes.,family:unesco:highest-tertiary-enrollment,ready_for_source_family_validation
1455,Largest sports-equipment exports,Trade · 9506,UN Comtrade,75,generic_v15_rejected_only,verified,retain_exclusion,confirm_reasoned_exclusion,product_specific_trade_niche,Sports-equipment exports is a narrow product-trade slice and the product decision explicitly removed it; it does not justify more economy/trade density.,Keep excluded; do not restore through another trade source.,,
1488,Highest universal-health-coverage score,Healthcare · UHC_AVAILABILITY_SCORE,WHO,74,generic_v15_rejected_only,failed,advance_to_validation,clear_generic_legacy_block,broad_health_anchor,"Broad, recognizable public-health or health-system measure that adds a distinct player-facing dimension and is not merely a demographic slice.","Validate the WHO source-family series, denominator, year consistency and coverage; retain fail-closed status until those gates pass.",family:who:highest-uhc-service-coverage,ready_for_source_family_validation
1492,Lowest average rainfall,Climate · AG.LND.PRCP.MM,World Bank,74,generic_v15_rejected_only,failed,advance_to_validation,clear_generic_legacy_block,high_value_source_repair,"Average rainfall is intuitive physical-world knowledge and belongs in a weak catalog domain; the historical WDI integrity failure is a source-path problem, not a reason to discard the concept.",Use a validated climate source rather than the failed historical path; resolve definition/year aggregation before activation.,,
1547,Lowest youth NEET rate,Labor · EIP_NEET_SEX_RT_A,ILOSTAT,72,generic_v15_rejected_only,verified,retain_exclusion,confirm_reasoned_exclusion,specialized_or_jargon,NEET/time-related-underemployment terminology is specialized and less immediately interpretable than stronger labor-market measures; the core catalog should not multiply technical labor variants.,Keep excluded from the core playable catalog.,family:ilostat:lowest-neet-rate,ready_for_source_family_validation
1548,Highest outbound student mobility,Education · MOR.5T8.40505,UNESCO UIS,72,generic_v15_rejected_only,verified,advance_to_validation,clear_generic_legacy_block,broad_intuitive_distinct,"Distinct, understandable education/science-system dimension that adds breadth beyond enrollment/completion without being a demographic slice.",Validate the recovered UIS series and coverage; keep fail-closed until the source-family gate passes.,family:unesco:highest-outbound-student-mobility,ready_for_source_family_validation
1557,Highest carbon dioxide (CO2) net fluxes from LULUCF - Other Land,Environment · EN.GHG.CO2.LU.OL.MT.CE.AR5,World Bank,72,generic_v15_rejected_only,verified,retain_exclusion,confirm_reasoned_exclusion,emissions_overproliferation,"This is part of the previously overgrown emissions matrix (gas/sector/LULUCF variants). Even when technically valid, it is too repetitive or specialized relative to a small set of broad emissions anchors.",Keep excluded; any future emissions expansion must demonstrate a genuinely new player-facing concept rather than another gas/sector slice.,,
1602,Lowest diabetes death rate,Health · SA_0000001440,WHO,70,generic_v15_rejected_only,verified,hold_for_family_curation,keep_reaudit_block,cause_specific_health_density,"Understandable cause-specific mortality measure, but shipping multiple disease-by-disease death-rate categories risks replacing breadth with a health-cause matrix.",Hold for health-family curation; promote only a small number of the most recognizable disease outcomes.,family:who:lowest-diabetes-death-rate,ready_for_source_family_validation
1604,Lowest time-related underemployment,Labor · EMP_XTRU_SEX_RT_A,ILOSTAT,70,generic_v15_rejected_only,verified,retain_exclusion,confirm_reasoned_exclusion,specialized_or_jargon,NEET/time-related-underemployment terminology is specialized and less immediately interpretable than stronger labor-market measures; the core catalog should not multiply technical labor variants.,Keep excluded from the core playable catalog.,family:ilostat:lowest-time-underemployment,hold_for_individual_editorial_review
1636,Lowest primary-school repetition rate,Education · REPR.1.G1.CP,UNESCO UIS,69,generic_v15_rejected_only,verified,hold_for_family_curation,keep_reaudit_block,family_density_near_duplicate,"Plausible in isolation, but too close to a stronger retained stage/subject/infrastructure anchor or part of an over-dense education family; needs family-level curation before any legacy block is cleared.",Keep quarantined; compare against the selected UNESCO anchors and only promote if it adds a clearly different player experience.,family:unesco:lowest-primary-repetition,ready_for_source_family_validation
1637,Highest share of women in management,Labor · SDG_0552_NOC_RT_A,ILOSTAT,69,generic_v15_rejected_only,verified,advance_to_validation,clear_generic_legacy_block,broad_labor_anchor,Distinct and reasonably intuitive labor-market/workplace measure that broadens the catalog beyond unemployment and output statistics.,Validate ILOSTAT series definitions/coverage and use plain-English copy before activation.,family:ilostat:highest-women-management,ready_for_source_family_validation
1638,Highest school internet access,Technology · SCHBSP.1.WINTERN,UNESCO UIS,69,generic_v15_rejected_only,verified,advance_to_validation,clear_generic_legacy_block,infrastructure_breadth,Concrete school-infrastructure measure that players can readily interpret; selected as an anchor from a larger cluster rather than shipping every closely related facility indicator.,Validate the UIS school-infrastructure series; preserve family caps so internet/electricity/sanitation do not proliferate into a near-duplicate block.,family:unesco:highest-school-internet,ready_for_source_family_validation
1671,Highest school computer access,Technology · SCHBSP.1.WCOMPUT,UNESCO UIS,68,generic_v15_rejected_only,verified,hold_for_family_curation,keep_reaudit_block,family_density_near_duplicate,"Plausible in isolation, but too close to a stronger retained stage/subject/infrastructure anchor or part of an over-dense education family; needs family-level curation before any legacy block is cleared.",Keep quarantined; compare against the selected UNESCO anchors and only promote if it adds a clearly different player experience.,family:unesco:highest-school-computers,ready_for_source_family_validation
1672,Lowest cancer death rate,Health · SA_0000001438,WHO,68,generic_v15_rejected_only,verified,hold_for_family_curation,keep_reaudit_block,cause_specific_health_density,"Understandable cause-specific mortality measure, but shipping multiple disease-by-disease death-rate categories risks replacing breadth with a health-cause matrix.",Hold for health-family curation; promote only a small number of the most recognizable disease outcomes.,family:who:lowest-cancer-death-rate,ready_for_source_family_validation
1673,Lowest informal-employment rate,Labor · EMP_NIFL_SEX_RT_A,ILOSTAT,68,generic_v15_rejected_only,verified,advance_to_validation,clear_generic_legacy_block,broad_labor_anchor,Distinct and reasonably intuitive labor-market/workplace measure that broadens the catalog beyond unemployment and output statistics.,Validate ILOSTAT series definitions/coverage and use plain-English copy before activation.,family:ilostat:lowest-informal-employment,ready_for_source_family_validation
1682,Most internally displaced people,Displacement · population:coa:idps,UNHCR,68,generic_v15_rejected_only,verified,advance_to_validation,clear_generic_legacy_block,broad_intuitive_distinct,"Broad, recognizable displacement measure with a distinct player-facing question; the old generic rejection is not a sufficient reason to suppress it.",Use the recovered UNHCR Refugee Data Finder importer; validate coverage/year consistency and then clear the legacy-only blocker.,family:unhcr:most-internally-displaced-people,ready_for_source_family_validation
1687,Longest average working week,Labor · HOW_UEES_SEX_NB_A,ILOSTAT,67,generic_v15_rejected_only,verified,advance_to_validation,clear_generic_legacy_block,broad_labor_anchor,Distinct and reasonably intuitive labor-market/workplace measure that broadens the catalog beyond unemployment and output statistics.,Validate ILOSTAT series definitions/coverage and use plain-English copy before activation.,family:ilostat:longest-working-week,ready_for_source_family_validation
1688,Most researchers per million people,Science · RESDEN.INHAB.TFTE,UNESCO UIS,67,generic_v15_rejected_only,verified,advance_to_validation,clear_generic_legacy_block,broad_intuitive_distinct,"Distinct, understandable education/science-system dimension that adds breadth beyond enrollment/completion without being a demographic slice.",Validate the recovered UIS series and coverage; keep fail-closed until the source-family gate passes.,family:unesco:most-researchers,ready_for_source_family_validation
1701,Highest school electricity access,Infrastructure · SCHBSP.1.WELEC,UNESCO UIS,66,generic_v15_rejected_only,verified,advance_to_validation,clear_generic_legacy_block,infrastructure_breadth,Concrete school-infrastructure measure that players can readily interpret; selected as an anchor from a larger cluster rather than shipping every closely related facility indicator.,Validate the UIS school-infrastructure series; preserve family caps so internet/electricity/sanitation do not proliferate into a near-duplicate block.,family:unesco:highest-school-electricity,ready_for_source_family_validation
1720,Highest school drinking-water access,Infrastructure · SCHBSP.1.WWATA,UNESCO UIS,65,generic_v15_rejected_only,verified,hold_for_family_curation,keep_reaudit_block,family_density_near_duplicate,"Plausible in isolation, but too close to a stronger retained stage/subject/infrastructure anchor or part of an over-dense education family; needs family-level curation before any legacy block is cleared.",Keep quarantined; compare against the selected UNESCO anchors and only promote if it adds a clearly different player experience.,family:unesco:highest-school-drinking-water,ready_for_source_family_validation
1721,Highest school handwashing access,Infrastructure · SCHBSP.1.WWASH,UNESCO UIS,65,generic_v15_rejected_only,verified,hold_for_family_curation,keep_reaudit_block,family_density_near_duplicate,"Plausible in isolation, but too close to a stronger retained stage/subject/infrastructure anchor or part of an over-dense education family; needs family-level curation before any legacy block is cleared.",Keep quarantined; compare against the selected UNESCO anchors and only promote if it adds a clearly different player experience.,family:unesco:highest-school-handwashing,ready_for_source_family_validation
1729,"Highest individuals using the Internet, female",Infrastructure · IT.NET.USER.FE.ZS,World Bank,65,generic_v15_rejected_only,,retain_exclusion,confirm_reasoned_exclusion,subgroup_slice,Demographic subgroup slice of a broader access/use concept; the default catalog should prefer the all-population measure unless the subgroup itself is the central idea.,Keep excluded from the core playable catalog.,,
1730,"Highest individuals using the Internet, male",Infrastructure · IT.NET.USER.MA.ZS,World Bank,65,generic_v15_rejected_only,,retain_exclusion,confirm_reasoned_exclusion,subgroup_slice,Demographic subgroup slice of a broader access/use concept; the default catalog should prefer the all-population measure unless the subgroup itself is the central idea.,Keep excluded from the core playable catalog.,,
1775,Most refugees returned home,Displacement · solutions:coo:returned_refugees,UNHCR,64,generic_v15_rejected_only,verified,hold_for_family_curation,keep_reaudit_block,family_density_specialty,"Understandable, but it is a narrower solutions/returns measure and adds less breadth than the core asylum/refugee/displacement stock categories.",Keep quarantined until the UNHCR family is curated as a whole and a specialty slot is justified.,family:unhcr:most-refugees-returned-home,ready_for_source_family_validation
1783,Highest school sanitation access,Infrastructure · SCHBSP.1.WTOILA,UNESCO UIS,63,generic_v15_rejected_only,verified,advance_to_validation,clear_generic_legacy_block,infrastructure_breadth,Concrete school-infrastructure measure that players can readily interpret; selected as an anchor from a larger cluster rather than shipping every closely related facility indicator.,Validate the UIS school-infrastructure series; preserve family caps so internet/electricity/sanitation do not proliferate into a near-duplicate block.,family:unesco:highest-school-sanitation,ready_for_source_family_validation
1784,Lowest youth unemployment rate,Labor · UNE_3EAP_SEX_AGE_DSB_RT_A,ILOSTAT,63,generic_v15_rejected_only,,hold_for_family_curation,keep_reaudit_block,labor_methodology_or_density,"Potentially useful, but either jargon/denominator-sensitive, source-repair dependent, a subgroup variant, or a lower-priority specialty labor measure; it needs family-level comparison before activation.",Keep fail-closed while curating the ILOSTAT family; promote only if the definition is intuitive and it adds a distinct board experience.,family:ilostat:lowest-youth-unemployment,ready_for_source_family_validation
1796,Highest skilled birth-attendance rate,Maternal Health · MDG_0000000025,WHO,62,generic_v15_rejected_only,,advance_to_validation,clear_generic_legacy_block,broad_health_anchor,"Broad, recognizable public-health or health-system measure that adds a distinct player-facing dimension and is not merely a demographic slice.","Validate the WHO source-family series, denominator, year consistency and coverage; retain fail-closed status until those gates pass.",family:who:highest-skilled-birth-attendance,ready_for_source_family_validation
1805,"Highest gross fixed capital formation, private sector",Economy · NE.GDI.FPRV.CN,World Bank,62,generic_v15_rejected_only,,retain_exclusion,confirm_reasoned_exclusion,cross_country_comparability_invalid,"Absolute local-currency or linked/local-currency series is not valid for direct cross-country ranking; this is a hard comparability failure, not merely an old editorial preference.",Keep excluded under the permanent local-currency comparability gate.,,
1806,"Highest gross fixed capital formation, private sector",Economy · NE.GDI.FPRV.ZS,World Bank,62,generic_v15_rejected_only,,hold_for_family_curation,keep_reaudit_block,macro_or_landuse_curation,"Potentially understandable after careful naming, but it sits in an already dense macro/land-use family and is not strong enough to clear the legacy block without comparing nearby alternatives.","Hold for family-level editorial curation; prefer the single clearest, most comparable representative metric rather than multiple accounting variants.",,
1816,Most other people needing international protection,Displacement · population:coa:oip,UNHCR,61,generic_v15_rejected_only,,retain_exclusion,confirm_reasoned_exclusion,specialized_or_jargon,Too specialized for the core playable catalog: the label depends on UNHCR-specific status terminology or a narrow return-flow subcategory rather than broadly recognizable world knowledge.,Keep excluded; do not reactivate merely because the UNHCR source now validates.,family:unhcr:most-other-people-needing-protection,ready_for_source_family_validation
1817,Highest survival to the last grade of primary school,Education · SR.1.GLAST.CP,UNESCO UIS,60,generic_v15_rejected_only,verified,hold_for_family_curation,keep_reaudit_block,family_density_near_duplicate,"Plausible in isolation, but too close to a stronger retained stage/subject/infrastructure anchor or part of an over-dense education family; needs family-level curation before any legacy block is cleared.",Keep quarantined; compare against the selected UNESCO anchors and only promote if it adds a clearly different player experience.,family:unesco:highest-primary-survival,ready_for_source_family_validation
1819,Highest lower-secondary reading proficiency,Education · READ.LOWERSEC,UNESCO UIS,60,generic_v15_rejected_only,verified,advance_to_validation,clear_generic_legacy_block,learning_outcome_anchor,"Reading and mathematics proficiency are distinct, recognizable learning outcomes; lower-secondary is retained as the common stage anchor to avoid four stage-by-subject variants.",Validate UIS assessment comparability and country coverage; do not automatically add the corresponding primary-stage duplicates.,family:unesco:highest-reading-proficiency-lower-secondary,ready_for_source_family_validation
1826,Most internally displaced people returned,Displacement · solutions:coa:returned_idps,UNHCR,60,generic_v15_rejected_only,,retain_exclusion,confirm_reasoned_exclusion,specialized_or_jargon,Too specialized for the core playable catalog: the label depends on UNHCR-specific status terminology or a narrow return-flow subcategory rather than broadly recognizable world knowledge.,Keep excluded; do not reactivate merely because the UNHCR source now validates.,family:unhcr:most-returned-idps,ready_for_source_family_validation
1827,Highest youth literacy rate,Education · LR.AG15T24,UNESCO UIS,59,generic_v15_rejected_only,,retain_exclusion,confirm_reasoned_exclusion,subgroup_slice,Youth literacy is an age-sliced variant of the broader literacy concept; the catalog should prefer adult/general literacy rather than multiplying demographic variants.,Keep excluded unless a future mode explicitly calls for demographic subgroup categories.,family:unesco:highest-youth-literacy,ready_for_source_family_validation
1830,Highest primary mathematics proficiency,Education · MATH.PRIMARY,UNESCO UIS,58,generic_v15_rejected_only,verified,hold_for_family_curation,keep_reaudit_block,family_density_near_duplicate,"Plausible in isolation, but too close to a stronger retained stage/subject/infrastructure anchor or part of an over-dense education family; needs family-level curation before any legacy block is cleared.",Keep quarantined; compare against the selected UNESCO anchors and only promote if it adds a clearly different player experience.,family:unesco:highest-math-proficiency-primary,ready_for_source_family_validation
1832,Highest lower-secondary mathematics proficiency,Education · MATH.LOWERSEC,UNESCO UIS,58,generic_v15_rejected_only,verified,advance_to_validation,clear_generic_legacy_block,learning_outcome_anchor,"Reading and mathematics proficiency are distinct, recognizable learning outcomes; lower-secondary is retained as the common stage anchor to avoid four stage-by-subject variants.",Validate UIS assessment comparability and country coverage; do not automatically add the corresponding primary-stage duplicates.,family:unesco:highest-math-proficiency-lower-secondary,ready_for_source_family_validation
1857,Highest adult literacy rate,Education · LR.AG15T99,UNESCO UIS,57,generic_v15_rejected_only,,advance_to_validation,clear_generic_legacy_block,broad_intuitive_distinct,"Adult literacy is a broad, familiar national outcome and is preferable to narrower age-slice variants.",Resolve/validate the current UIS literacy series and coverage before activation.,family:unesco:highest-adult-literacy,ready_for_source_family_validation
1878,Highest carbon dioxide (CO2) net fluxes from LULUCF - Organic Soil,Environment · EN.GHG.CO2.LU.OS.MT.CE.AR5,World Bank,55,generic_v15_rejected_only,,retain_exclusion,confirm_reasoned_exclusion,emissions_overproliferation,"This is part of the previously overgrown emissions matrix (gas/sector/LULUCF variants). Even when technically valid, it is too repetitive or specialized relative to a small set of broad emissions anchors.",Keep excluded; any future emissions expansion must demonstrate a genuinely new player-facing concept rather than another gas/sector slice.,,
1893,Lowest alcohol-attributable death rate,Health · SA_0000001807_AA,WHO,52,generic_v15_rejected_only,,hold_for_family_curation,keep_reaudit_block,specialty_health_density,Potentially valid but narrower/specialized than stronger health anchors or closely related to another retained access/care measure.,Keep quarantined pending health-family curation and coverage review.,family:who:lowest-harmful-alcohol-use,hold_for_individual_editorial_review
1895,Highest renewable energy consumption,Energy · EG.FEC.RNEW\.ZS,World Bank,51,generic_v15_rejected_only,,advance_to_validation,clear_generic_legacy_block,broad_intuitive_distinct,"Renewable-energy consumption share is a broad and understandable energy-system measure, distinct from renewable electricity generation/share.","Resolve the exact current series, validate country coverage and denominator, and keep fail-closed until source-family checks pass.",,
1898,Highest primary reading proficiency,Education · READ.PRIMARY,UNESCO UIS,50,generic_v15_rejected_only,verified,hold_for_family_curation,keep_reaudit_block,family_density_near_duplicate,"Plausible in isolation, but too close to a stronger retained stage/subject/infrastructure anchor or part of an over-dense education family; needs family-level curation before any legacy block is cleared.",Keep quarantined; compare against the selected UNESCO anchors and only promote if it adds a clearly different player experience.,family:unesco:highest-reading-proficiency-primary,ready_for_source_family_validation
1902,Highest collective-bargaining coverage,Labor · ILR_CBCT_NOC_RT_A,ILOSTAT,48,generic_v15_rejected_only,verified,hold_for_family_curation,keep_reaudit_block,labor_methodology_or_density,"Potentially useful, but either jargon/denominator-sensitive, source-repair dependent, a subgroup variant, or a lower-priority specialty labor measure; it needs family-level comparison before activation.",Keep fail-closed while curating the ILOSTAT family; promote only if the definition is intuitive and it adds a distinct board experience.,family:ilostat:highest-collective-bargaining,hold_for_individual_editorial_review
1908,Highest doctor density,Healthcare · HWF_0001,WHO,45,generic_v15_rejected_only,,advance_to_validation,clear_generic_legacy_block,broad_health_anchor,"Broad, recognizable public-health or health-system measure that adds a distinct player-facing dimension and is not merely a demographic slice.","Validate the WHO source-family series, denominator, year consistency and coverage; retain fail-closed status until those gates pass.",family:who:highest-doctor-density,ready_for_source_family_validation
1909,Lowest cigarette-smoking rate,Health · Yth_curr_cig_smoking,WHO,45,generic_v15_rejected_only,,advance_to_validation,clear_generic_legacy_block,broad_health_anchor,"Broad, recognizable public-health or health-system measure that adds a distinct player-facing dimension and is not merely a demographic slice.","Validate the WHO source-family series, denominator, year consistency and coverage; retain fail-closed status until those gates pass.",family:who:lowest-cigarette-smoking,ready_for_source_family_validation
1910,Highest pharmacist density,Healthcare · HWF_0014,WHO,45,generic_v15_rejected_only,,hold_for_family_curation,keep_reaudit_block,specialty_health_density,Potentially valid but narrower/specialized than stronger health anchors or closely related to another retained access/care measure.,Keep quarantined pending health-family curation and coverage review.,family:who:highest-pharmacist-density,ready_for_source_family_validation
1911,Highest antenatal-care coverage,Maternal Health · WHS4_154,WHO,45,generic_v15_rejected_only,,hold_for_family_curation,keep_reaudit_block,specialty_health_density,Potentially valid but narrower/specialized than stronger health anchors or closely related to another retained access/care measure.,Keep quarantined pending health-family curation and coverage review.,family:who:highest-antenatal-care,ready_for_source_family_validation
1914,Highest life expectancy,Health · WHOSIS_000001,WHO,42,generic_v15_rejected_only,,advance_to_validation,clear_generic_legacy_block,source_superseded_concept_retained,Life expectancy is a core world-knowledge category; the concept should survive even though the old WHO row was rejected because the current build has a preferred UN WPP source path.,Use UN World Population Prospects 2024 as the preferred source and clear only the historical generic-title veto.,candidate:074,ready_for_validated_import
1917,Highest handwashing access,Infrastructure · WSH_HYGIENE_BASIC,WHO,39,generic_v15_rejected_only,,advance_to_validation,clear_generic_legacy_block,broad_health_anchor,"Broad, recognizable public-health or health-system measure that adds a distinct player-facing dimension and is not merely a demographic slice.","Validate the WHO source-family series, denominator, year consistency and coverage; retain fail-closed status until those gates pass.",family:who:highest-handwashing-access,ready_for_source_family_validation
1918,Highest healthy life expectancy,Health · WHOSIS_000002,WHO,38,generic_v15_rejected_only,,retain_exclusion,confirm_reasoned_exclusion,near_duplicate_less_intuitive,Healthy life expectancy is substantially less intuitive to players and too close to the stronger ordinary life-expectancy category for the core catalog.,Keep excluded; retain ordinary life expectancy as the anchor.,family:who:highest-healthy-life-expectancy,ready_for_source_family_validation
1919,Lowest high-blood-pressure rate,Health · NCD_HYP_PREVALENCE_A,WHO,38,generic_v15_rejected_only,failed,advance_to_validation,clear_generic_legacy_block,broad_health_anchor,"Broad, recognizable public-health or health-system measure that adds a distinct player-facing dimension and is not merely a demographic slice.","Validate the WHO source-family series, denominator, year consistency and coverage; retain fail-closed status until those gates pass.",family:who:lowest-high-blood-pressure-rate,ready_for_source_family_validation
1922,Highest hospital-bed density,Healthcare · GDO_q9x1_3,WHO,33,generic_v15_rejected_only,,advance_to_validation,clear_generic_legacy_block,broad_health_anchor,"Broad, recognizable public-health or health-system measure that adds a distinct player-facing dimension and is not merely a demographic slice.","Validate the WHO source-family series, denominator, year consistency and coverage; retain fail-closed status until those gates pass.",family:who:highest-hospital-bed-density,ready_for_source_family_validation
1924,Lowest suicide rate,Health · MH_12,WHO,25,generic_v15_rejected_only,,advance_to_validation,clear_generic_legacy_block,broad_health_anchor,"Broad, recognizable public-health or health-system measure that adds a distinct player-facing dimension and is not merely a demographic slice.","Validate the WHO source-family series, denominator, year consistency and coverage; retain fail-closed status until those gates pass.",family:who:lowest-suicide-rate,ready_for_source_family_validation
